Workbook

Sheet 변경요약
A1: 한국ST거래 메뉴구조·기능정의 v2 — 변경 요약
A2: 기준: Git 프로토타입 화면 148개(v1) → v2 152개(신규 4). 아래 집계는 시트 값에서 자동 계산됩니다.
A4: 변경구분 | B4: 정의 | C4: 색상 | D4: 화면 수 | E4: 기능정의 행 수
A5: 신규 | B5: 새로 추가된 화면·기능 | D5: =COUNTIF(메뉴구조!$K$5:$K$156,A5) -> 4 | E5: =COUNTIF('기능정의 상세'!$K$4:$K$714,A5) -> 35
A6: 수정 | B6: 화면 내용·표시 방식·문구가 바뀜 | D6: =COUNTIF(메뉴구조!$K$5:$K$156,A6) -> 69 | E6: =COUNTIF('기능정의 상세'!$K$4:$K$714,A6) -> 119
A7: 이동 | B7: 메뉴 위치(경로)가 바뀜 — 상세 시트 경로는 자동 반영 | D7: =COUNTIF(메뉴구조!$K$5:$K$156,A7) -> 14 | E7: =COUNTIF('기능정의 상세'!$K$4:$K$714,A7) -> 64
A8: 명칭변경 | B8: 메뉴명만 바뀜 — 상세 시트 경로는 자동 반영 | D8: =COUNTIF(메뉴구조!$K$5:$K$156,A8) -> 33 | E8: =COUNTIF('기능정의 상세'!$K$4:$K$714,A8) -> 144
A9: 삭제 | B9: v2에서 제거(다른 화면으로 통합 포함). 이력 보존을 위해 행은 남김 | D9: =COUNTIF(메뉴구조!$K$5:$K$156,A9) -> 2 | E9: =COUNTIF('기능정의 상세'!$K$4:$K$714,A9) -> 34
A10: 유지 | B10: 변경 없음 | D10: =COUNTIF(메뉴구조!$K$5:$K$156,A10) -> 30 | E10: =COUNTIF('기능정의 상세'!$K$4:$K$714,A10) -> 315
A11: 합계 | D11: =SUM(D5:D10) -> 152 | E11: =SUM(E5:E10) -> 711
A12: 유효 화면(삭제 제외) | D12: =D11-D9 -> 150 | E12: =E11-E9 -> 677
A14: v2 메뉴 트리 (하단 탭 5개)
A15: 홈 · 백년가게 · 거래 · MY · 더보기 (알림·검색은 탭이 아닌 진입 화면)
A17: 거래 ─ 종목(목록 + 검색 영역 + 필터 시트) ─ 종목상세(정보/주문(간편·일반)/호가/차트/내 주문/커뮤니티)
A18: MY ─ 허브(프로필·투자성향 칩 → 내 자산 카드 → 관심 → 활동 → 내 정보·투자자 자격 신청)
A19: ├ 내 자산: 보유 | 주문 내역 | 손익 현황 | 거래 한도 (공통 헤더: 계좌 셀렉터·평가금·잔고, 계좌 변경 바텀시트)
A20: ├ 관심: 관심종목 | 관심가게
A21: ├ 활동 내역: 커뮤니티(게시글|댓글) | 문의내역
A22: ├ 내 정보(재인증): 기본 정보 수정 · 투자 성향 분석(실시 Q1~Q6, 결과) · 투자자 자격 신청(서류 제출, 개인정보 동의)
A23: └ 설정: 정보설정 · 회원탈퇴
A24: 더보기(그룹 없는 1단 목록) ─ 공지사항 · 이벤트 · 이용안내 · 고객센터 · 투자자 유의사항 · 약관 및 정책(하위 4종) · 회사소개 ↗ · 앱 버전
A25: 검색 ─ 검색 홈 · 검색 결과(종목|가게) ※ 진입: 홈·백년가게(탐색)·거래 상단 검색 영역
A27: 메뉴명을 바꾸는 방법
... A31: 4) 기능정의 상세의 설명·정책 본문 안에 적힌 메뉴명(예: '거래 > 관심')은 수식이 아니므로 별도로 수정해야 합니다.

Sheet 메뉴구조
A1: 한국ST거래 프론트 IA — 메뉴구조 v2 (MY 자산 중심 개편)
A2: 메뉴명은 이 시트의 B~E열에서만 수정하세요. '기능정의 상세' 시트의 1~4Depth·전체 경로는 화면ID로 자동 연동됩니다. 변경구분·변경 전 경로·변경 내용은 v1(2026.09.27 Git 기준) 대비 변경 이력입니다.
A4: 화면ID | B4: 1Depth | C4: 2Depth | D4: 3Depth | E4: 4Depth | F4: 화면구분 | G4: 화면(전체 경로) | H4: 로그인후 | I4: 기능정의수 | J4: 상태 | K4: 변경구분 | L4: 변경 전 경로 | M4: 변경 내용 | N4: 비고 | O4: 확인 필요
A5: S001 | B5: 스플래시 | C5: — | D5: — | E5: — | F5: 상세 | G5: =B5&IF(OR(C5="",C5="—"),"", " / "&C5)&IF(OR(D5="",D5="—"),"", " / "&D5)&IF(OR(E5="",E5="—"),"", " / "&E5) -> 스플래시 | H5: Y | I5: =COUNTIFS('기능정의 상세'!$A$4:$A$1200,A5,'기능정의 상세'!$K$4:$K$1200,"<>삭제") -> 6 | J5: 편집중 | K5: 유지 | O5: 화면구분 추정
A6: S002 | B6: 회원가입 | C6: 약관동의 | D6: — | E6: — | F6: 상세 | G6: =B6&IF(OR(C6="",C6="—"),"", " / "&C6)&IF(OR(D6="",D6="—"),"", " / "&D6)&IF(OR(E6="",E6="—"),"", " / "&E6) -> 회원가입 / 약관동의 | H6: Y | I6: =COUNTIFS('기능정의 상세'!$A$4:$A$1200,A6,'기능정의 상세'!$K$4:$K$1200,"<>삭제") -> 5 | J6: 초안 | K6: 유지
A7: S003 | B7: 회원가입 | C7: 본인인증_정책 | D7: — | E7: — | F7: 상세 | G7: =B7&IF(OR(C7="",C7="—"),"", " / "&C7)&IF(OR(D7="",D7="—"),"", " / "&D7)&IF(OR(E7="",E7="—"),"", " / "&E7) -> 회원가입 / 본인인증_정책 | I7: =COUNTIFS('기능정의 상세'!$A$4:$A$1200,A7,'기능정의 상세'!$K$4:$K$1200,"<>삭제") -> 4 | J7: 편집중 | K7: 유지 | O7: 화면구분 추정
A8: S004 | B8: 회원가입 | C8: 회원정보 입력 | D8: — | E8: — | F8: 상세 | G8: =B8&IF(OR(C8="",C8="—"),"", " / "&C8)&IF(OR(D8="",D8="—"),"", " / "&D8)&IF(OR(E8="",E8="—"),"", " / "&E8) -> 회원가입 / 회원정보 입력 | H8: Y | I8: =COUNTIFS('기능정의 상세'!$A$4:$A$1200,A8,'기능정의 상세'!$K$4:$K$1200,"<>삭제") -> 0 | J8: 초안 | K8: 유지
A9: S005 | B9: 회원가입 | C9: 로그인설정 (생체) | D9: — | E9: — | F9: 상세 | G9: =B9&IF(OR(C9="",C9="—"),"", " / "&C9)&IF(OR(D9="",D9="—"),"", " / "&D9)&IF(OR(E9="",E9="—"),"", " / "&E9) -> 회원가입 / 로그인설정 (생체) | I9: =COUNTIFS('기능정의 상세'!$A$4:$A$1200,A9,'기능정의 상세'!$K$4:$K$1200,"<>삭제") -> 6 | J9: 편집중 | K9: 유지 | O9: 화면구분 추정
A10: S006 | B10: 회원가입 | C10: 투자정보 입력 | D10: — | E10: — | F10: 상세 | G10: =B10&IF(OR(C10="",C10="—"),"", " / "&C10)&IF(OR(D10="",D10="—"),"", " / "&D10)&IF(OR(E10="",E10="—"),"", " / "&E10) -> 회원가입 / 투자정보 입력 | I10: =COUNTIFS('기능정의 상세'!$A$4:$A$1200,A10,'기능정의 상세'!$K$4:$K$1200,"<>삭제") -> 7 | J10: 편집중 | K10: 유지
A11: S007 | B11: 회원가입 | C11: 투자정보 입력 2 | D11: — | E11: — | F11: 상세 | G11: =B11&IF(OR(C11="",C11="—"),"", " / "&C11)&IF(OR(D11="",D11="—"),"", " / "&D11)&IF(OR(E11="",E11="—"),"", " / "&E11) -> 회원가입 / 투자정보 입력 2 | I11: =COUNTIFS('기능정의 상세'!$A$4:$A$1200,A11,'기능정의 상세'!$K$4:$K$1200,"<>삭제") -> 11 | J11: 편집중 | K11: 유지 | O11: 화면구분 추정
A12: S008 | B12: 회원가입 | C12: 가입완료 | D12: — | E12: — | F12: 상세 | G12: =B12&IF(OR(C12="",C12="—"),"", " / "&C12)&IF(OR(D12="",D12="—"),"", " / "&D12)&IF(OR(E12="",E12="—"),"", " / "&E12) -> 회원가입 / 가입완료 | I12: =COUNTIFS('기능정의 상세'!$A$4:$A$1200,A12,'기능정의 상세'!$K$4:$K$1200,"<>삭제") -> 9 | J12: 편집중 | K12: 유지 | N12: 이용안내 링크 추가 (STEP2 반영)
A13: S009 | B13: 회원가입 | C13: 로그인설정 (생체) | D13: — | E13: — | F13: 상세 | G13: =B13&IF(OR(C13="",C13="—"),"", " / "&C13)&IF(OR(D13="",D13="—"),"", " / "&D13)&IF(OR(E13="",E13="—"),"", " / "&E13) -> 회원가입 / 로그인설정 (생체) | I13: =COUNTIFS('기능정의 상세'!$A$4:$A$1200,A13,'기능정의 상세'!$K$4:$K$1200,"<>삭제") -> 6 | J13: 편집중 | K13: 유지 | O13: 화면구분 추정
A14: S010 | B14: 로그인 | C14: 로그인 | D14: — | E14: — | F14: 상세 | G14: =B14&IF(OR(C14="",C14="—"),"", " / "&C14)&IF(OR(D14="",D14="—"),"", " / "&D14)&IF(OR(E14="",E14="—"),"", " / "&E14) -> 로그인 / 로그인 | H14: Y | I14: =COUNTIFS('기능정의 상세'!$A$4:$A$1200,A14,'기능정의 상세'!$K$4:$K$1200,"<>삭제") -> 7 | J14: 초안 | K14: 유지
A15: S011 | B15: 로그인 | C15: 다른방법으로로그인 | D15: — | E15: — | F15: 상세 | G15: =B15&IF(OR(C15="",C15="—"),"", " / "&C15)&IF(OR(D15="",D15="—"),"", " / "&D15)&IF(OR(E15="",E15="—"),"", " / "&E15) -> 로그인 / 다른방법으로로그인 | I15: =COUNTIFS('기능정의 상세'!$A$4:$A$1200,A15,'기능정의 상세'!$K$4:$K$1200,"<>삭제") -> 5 | J15: 초안 | K15: 유지 | O15: 화면구분 추정
A16: S012 | B16: 홈 | C16: — | D16: — | E16: — | F16: 메인 | G16: =B16&IF(OR(C16="",C16="—"),"", " / "&C16)&IF(OR(D16="",D16="—"),"", " / "&D16)&IF(OR(E16="",E16="—"),"", " / "&E16) -> 홈 | H16: Y | I16: =COUNTIFS('기능정의 상세'!$A$4:$A$1200,A16,'기능정의 상세'!$K$4:$K$1200,"<>삭제") -> 12 | J16: 초안 | K16: 수정 | M16: 상단 검색 영역 추가(R-07) · 이벤트 섹션명 '이벤트'로 통일 · 관심 아이콘 하트 통일(R-12) | N16: 이용안내 진입 배너 추가 (홈 하단) ← STEP2 반영
A17: S013 | B17: 홈 | C17: 로그인 후 | D17: — | E17: — | F17: 상세 | G17: =B17&IF(OR(C17="",C17="—"),"", " / "&C17)&IF(OR(D17="",D17="—"),"", " / "&D17)&IF(OR(E17="",E17="—"),"", " / "&E17) -> 홈 / 로그인 후 | I17: =COUNTIFS('기능정의 상세'!$A$4:$A$1200,A17,'기능정의 상세'!$K$4:$K$1200,"<>삭제") -> 3 | J17: 초안 | K17: 유지 | O17: 화면구분 추정
A18: S014 | B18: 홈 | C18: 로그인 후 | D18: — | E18: — | F18: 상세 | G18: =B18&IF(OR(C18="",C18="—"),"", " / "&C18)&IF(OR(D18="",D18="—"),"", " / "&D18)&IF(OR(E18="",E18="—"),"", " / "&E18) -> 홈 / 로그인 후 | I18: =COUNTIFS('기능정의 상세'!$A$4:$A$1200,A18,'기능정의 상세'!$K$4:$K$1200,"<>삭제") -> 1 | J18: 초안 | K18: 수정 | M18: 내 자산 띠 이동 대상 변경: 거래 > 보유 → MY > 내 자산 | O18: 화면구분 추정
A19: S015 | B19: 백년가게 | C19: 탐색 | D19: 목록 | E19: — | F19: 목록 | G19: =B19&IF(OR(C19="",C19="—"),"", " / "&C19)&IF(OR(D19="",D19="—"),"", " / "&D19)&IF(OR(E19="",E19="—"),"", " / "&E19) -> 백년가게 / 탐색 / 목록 | H19: Y | I19: =COUNTIFS('기능정의 상세'!$A$4:$A$1200,A19,'기능정의 상세'!$K$4:$K$1200,"<>삭제") -> 5 | J19: 초안 | K19: 수정 | M19: 상단 검색 영역 추가(R-07) · 찜 안내 문구를 MY > 관심으로 수정
A20: S016 | B20: 백년가게 | C20: 탐색 | D20: 가게 상세 | E20: 정보 | F20: 탭(상세) | G20: =B20&IF(OR(C20="",C20="—"),"", " / "&C20)&IF(OR(D20="",D20="—"),"", " / "&D20)&IF(OR(E20="",E20="—"),"", " / "&E20) -> 백년가게 / 탐색 / 가게 상세 / 정보 | H20: Y | I20: =COUNTIFS('기능정의 상세'!$A$4:$A$1200,A20,'기능정의 상세'!$K$4:$K$1200,"<>삭제") -> 8 | J20: 초안 | K20: 수정 | M20: 찜 안내 문구를 MY > 관심으로 수정
A21: S017 | B21: 백년가게 | C21: 탐색 | D21: 가게 상세 | E21: 종목 | F21: 탭(목록) | G21: =B21&IF(OR(C21="",C21="—"),"", " / "&C21)&IF(OR(D21="",D21="—"),"", " / "&D21)&IF(OR(E21="",E21="—"),"", " / "&E21) -> 백년가게 / 탐색 / 가게 상세 / 종목 | H21: Y | I21: =COUNTIFS('기능정의 상세'!$A$4:$A$1200,A21,'기능정의 상세'!$K$4:$K$1200,"<>삭제") -> 4 | J21: 초안 | K21: 유지
A22: S018 | B22: 백년가게 | C22: 탐색 | D22: 가게 상세 | E22: 커뮤니티 | F22: 탭(목록) | G22: =B22&IF(OR(C22="",C22="—"),"", " / "&C22)&IF(OR(D22="",D22="—"),"", " / "&D22)&IF(OR(E22="",E22="—"),"", " / "&E22) -> 백년가게 / 탐색 / 가게 상세 / 커뮤니티 | H22: Y | I22: =COUNTIFS('기능정의 상세'!$A$4:$A$1200,A22,'기능정의 상세'!$K$4:$K$1200,"<>삭제") -> 4 | J22: 초안 | K22: 유지
A23: S019 | B23: 백년가게 | C23: 탐색 | D23: 가게 상세 | E23: 혜택 | F23: 탭(상세) | G23: =B23&IF(OR(C23="",C23="—"),"", " / "&C23)&IF(OR(D23="",D23="—"),"", " / "&D23)&IF(OR(E23="",E23="—"),"", " / "&E23) -> 백년가게 / 탐색 / 가게 상세 / 혜택 | H23: Y | I23: =COUNTIFS('기능정의 상세'!$A$4:$A$1200,A23,'기능정의 상세'!$K$4:$K$1200,"<>삭제") -> 1 | J23: 초안 | K23: 유지
A24: S020 | B24: 백년가게 | C24: 내 주변 | D24: — | E24: — | F24: 목록 | G24: =B24&IF(OR(C24="",C24="—"),"", " / "&C24)&IF(OR(D24="",D24="—"),"", " / "&D24)&IF(OR(E24="",E24="—"),"", " / "&E24) -> 백년가게 / 내 주변 | H24: Y | I24: =COUNTIFS('기능정의 상세'!$A$4:$A$1200,A24,'기능정의 상세'!$K$4:$K$1200,"<>삭제") -> 5 | J24: 초안 | K24: 유지
A25: S021 | B25: 백년가게 | C25: 백년가게? | D25: — | E25: — | F25: 상세 | G25: =B25&IF(OR(C25="",C25="—"),"", " / "&C25)&IF(OR(D25="",D25="—"),"", " / "&D25)&IF(OR(E25="",E25="—"),"", " / "&E25) -> 백년가게 / 백년가게? | H25: Y | I25: =COUNTIFS('기능정의 상세'!$A$4:$A$1200,A25,'기능정의 상세'!$K$4:$K$1200,"<>삭제") -> 1 | J25: 초안 | K25: 유지
A26: S023 | B26: 거래 | C26: 종목 | D26: — | E26: — | F26: 목록 | G26: =B26&IF(OR(C26="",C26="—"),"", " / "&C26)&IF(OR(D26="",D26="—"),"", " / "&D26)&IF(OR(E26="",E26="—"),"", " / "&E26) -> 거래 / 종목 | H26: Y | I26: =COUNTIFS('기능정의 상세'!$A$4:$A$1200,A26,'기능정의 상세'!$K$4:$K$1200,"<>삭제") -> 11 | J26: 편집중 | K26: 수정 | L26: 거래 / 전체 | M26: 2Depth '전체'→'종목' · 세그먼트(전체/보유/관심) 제거 · 정렬 팝업(S149)·관심만 칩·검색 영역 추가 | N26: 상장 종목 목록 + 정렬 팝업 + '관심만' 칩. 보유 종목·주문 내역은 MY > 내 자산으로 이동
A27: S149 | B27: 거래 | C27: 종목 | D27: 정렬 | E27: — | F27: 팝업 | G27: =B27&IF(OR(C27="",C27="—"),"", " / "&C27)&IF(OR(D27="",D27="—"),"", " / "&D27)&IF(OR(E27="",E27="—"),"", " / "&E27) -> 거래 / 종목 / 정렬 | I27: =COUNTIFS('기능정의 상세'!$A$4:$A$1200,A27,'기능정의 상세'!$K$4:$K$1200,"<>삭제") -> 3 | J27: 초안 | K27: 신규 | M27: 거래 종목 목록의 정렬 팝업 신규 정의(R-02, 정렬만 있는 경우 팝업) | N27: 정렬 6종 단일 선택, 탭 즉시 적용. '관심만 보기'는 목록 상단 칩(S023)
A28: S024 | B28: 거래 | C28: 종목 | D28: 종목상세 | E28: 정보 | F28: 탭(상세) | G28: =B28&IF(OR(C28="",C28="—"),"", " / "&C28)&IF(OR(D28="",D28="—"),"", " / "&D28)&IF(OR(E28="",E28="—"),"", " / "&E28) -> 거래 / 종목 / 종목상세 / 정보 | I28: =COUNTIFS('기능정의 상세'!$A$4:$A$1200,A28,'기능정의 상세'!$K$4:$K$1200,"<>삭제") -> 7 | J28: 초안 | K28: 명칭변경 | L28: 거래 / 전체 / 종목상세 / 정보 | M28: 2Depth '전체' → '종목' (S023 명칭 변경에 따라 경로 자동 반영)
A29: S025 | B29: 거래 | C29: 종목 | D29: 종목상세 | E29: 정보> 예상분배금 계산기 | F29: 바텀시트 | G29: =B29&IF(OR(C29="",C29="—"),"", " / "&C29)&IF(OR(D29="",D29="—"),"", " / "&D29)&IF(OR(E29="",E29="—"),"", " / "&E29) -> 거래 / 종목 / 종목상세 / 정보> 예상분배금 계산기 | I29: =COUNTIFS('기능정의 상세'!$A$4:$A$1200,A29,'기능정의 상세'!$K$4:$K$1200,"<>삭제") -> 6 | J29: 초안 | K29: 수정 | L29: 거래 / 전체 / 종목상세 / 정보 > 예상분배금 계산기 | (화면구분) 상세 → 바텀시트 | M29: 화면구분 표기 통일: 계산기 = 바텀시트(R-01) | O29: 화면구분 추정
A30: S026 | B30: 거래 | C30: 종목 | D30: 종목상세 | E30: 정보> 발행공시 목록 | F30: 목록 | G30: =B30&IF(OR(C30="",C30="—"),"", " / "&C30)&IF(OR(D30="",D30="—"),"", " / "&D30)&IF(OR(E30="",E30="—"),"", " / "&E30) -> 거래 / 종목 / 종목상세 / 정보> 발행공시 목록 | I30: =COUNTIFS('기능정의 상세'!$A$4:$A$1200,A30,'기능정의 상세'!$K$4:$K$1200,"<>삭제") -> 4 | J30: 초안 | K30: 수정 | L30: 거래 / 전체 / 종목상세 / 정보 > 발행공시 목록 | M30: 헤더 제목 '공시' 표시 · 상세 이동을 오버레이 → 페이지로 변경(R-01)
A31: S027 | B31: 거래 | C31: 종목 | D31: 종목상세 | E31: 정보> 발행공시 상세 | F31: 상세 | G31: =B31&IF(OR(C31="",C31="—"),"", " / "&C31)&IF(OR(D31="",D31="—"),"", " / "&D31)&IF(OR(E31="",E31="—"),"", " / "&E31) -> 거래 / 종목 / 종목상세 / 정보> 발행공시 상세 | I31: =COUNTIFS('기능정의 상세'!$A$4:$A$1200,A31,'기능정의 상세'!$K$4:$K$1200,"<>삭제") -> 4 | J31: 초안 | K31: 수정 | L31: 거래 / 전체 / 종목상세 / 정보 > 발행공시 상세 | M31: 상세를 오버레이 → 전체 페이지로 변경 · 닫기(X) → 뒤로가기(←)(R-01)
A32: S028 | B32: 거래 | C32: 종목 | D32: 종목상세 | E32: 정보> 유통공시 목록 | F32: 목록 | G32: =B32&IF(OR(C32="",C32="—"),"", " / "&C32)&IF(OR(D32="",D32="—"),"", " / "&D32)&IF(OR(E32="",E32="—"),"", " / "&E32) -> 거래 / 종목 / 종목상세 / 정보> 유통공시 목록 | I32: =COUNTIFS('기능정의 상세'!$A$4:$A$1200,A32,'기능정의 상세'!$K$4:$K$1200,"<>삭제") -> 5 | J32: 초안 | K32: 수정 | L32: 거래 / 전체 / 종목상세 / 정보 > 유통공시 목록 | M32: 헤더 제목 '공시' 표시 · 상세 이동을 오버레이 → 페이지로 변경(R-01)
A33: S029 | B33: 거래 | C33: 종목 | D33: 종목상세 | E33: 정보> 유통공시 상세 | F33: 상세 | G33: =B33&IF(OR(C33="",C33="—"),"", " / "&C33)&IF(OR(D33="",D33="—"),"", " / "&D33)&IF(OR(E33="",E33="—"),"", " / "&E33) -> 거래 / 종목 / 종목상세 / 정보> 유통공시 상세 | I33: =COUNTIFS('기능정의 상세'!$A$4:$A$1200,A33,'기능정의 상세'!$K$4:$K$1200,"<>삭제") -> 5 | J33: 초안 | K33: 수정 | L33: 거래 / 전체 / 종목상세 / 정보 > 유통공시 상세 | M33: 상세를 오버레이 → 전체 페이지로 변경 · 닫기(X) → 뒤로가기(←)(R-01)
A34: S030 | B34: 거래 | C34: 종목 | D34: 종목상세 | E34: 주문 (간편) | F34: 탭(상세) | G34: =B34&IF(OR(C34="",C34="—"),"", " / "&C34)&IF(OR(D34="",D34="—"),"", " / "&D34)&IF(OR(E34="",E34="—"),"", " / "&E34) -> 거래 / 종목 / 종목상세 / 주문 (간편) | H34: Y | I34: =COUNTIFS('기능정의 상세'!$A$4:$A$1200,A34,'기능정의 상세'!$K$4:$K$1200,"<>삭제") -> 7 | J34: 초안 | K34: 수정 | L34: 거래 / 전체 / 종목상세 / 주문 (간편) | M34: 2Depth '전체' → '종목' (S023 명칭 변경에 따라 경로 자동 반영) · 본문 표기 통일('팝업' → '바텀시트', R-01) | N34: 아이콘 대체 예정. 텍스트 레이블 변경 없음
A35: S031 | B35: 거래 | C35: 종목 | D35: 종목상세 | E35: 주문 (간편)> 구매> 구매 희망가 | F35: 탭(상세) | G35: =B35&IF(OR(C35="",C35="—"),"", " / "&C35)&IF(OR(D35="",D35="—"),"", " / "&D35)&IF(OR(E35="",E35="—"),"", " / "&E35) -> 거래 / 종목 / 종목상세 / 주문 (간편)> 구매> 구매 희망가 | I35: =COUNTIFS('기능정의 상세'!$A$4:$A$1200,A35,'기능정의 상세'!$K$4:$K$1200,"<>삭제") -> 4 | J35: 초안 | K35: 수정 | L35: 거래 / 전체 / 종목상세 / 주문 (간편)> 구매> 구매 희망가 | M35: 2Depth '전체' → '종목' (S023 명칭 변경에 따라 경로 자동 반영) · 본문 표기 통일('팝업' → '바텀시트', R-01)
A36: S032 | B36: 거래 | C36: 종목 | D36: 종목상세 | E36: 주문 (간편)> 구매> 구매 희망가> 구매주문 | F36: 바텀시트 | G36: =B36&IF(OR(C36="",C36="—"),"", " / "&C36)&IF(OR(D36="",D36="—"),"", " / "&D36)&IF(OR(E36="",E36="—"),"", " / "&E36) -> 거래 / 종목 / 종목상세 / 주문 (간편)> 구매> 구매 희망가> 구매주문 | I36: =COUNTIFS('기능정의 상세'!$A$4:$A$1200,A36,'기능정의 상세'!$K$4:$K$1200,"<>삭제") -> 3 | J36: 초안 | K36: 수정 | L36: 거래 / 전체 / 종목상세 / 주문 (간편)> 구매> 구매 희망가> 구매주문 | (화면구분) 팝업 → 바텀시트 | M36: 주문 확인: 팝업 → 바텀시트(R-01)
A37: S033 | B37: 거래 | C37: 종목 | D37: 종목상세 | E37: 주문 (간편)> 구매> 구매 희망가> 구매완료 | F37: 상세 | G37: =B37&IF(OR(C37="",C37="—"),"", " / "&C37)&IF(OR(D37="",D37="—"),"", " / "&D37)&IF(OR(E37="",E37="—"),"", " / "&E37) -> 거래 / 종목 / 종목상세 / 주문 (간편)> 구매> 구매 희망가> 구매완료 | I37: =COUNTIFS('기능정의 상세'!$A$4:$A$1200,A37,'기능정의 상세'!$K$4:$K$1200,"<>삭제") -> 3 | J37: 초안 | K37: 수정 | L37: 거래 / 전체 / 종목상세 / 주문 (간편)> 구매> 구매 희망가> 구매완료 | (화면구분) 팝업 → 상세 | M37: 주문 완료: 팝업 → 전체 페이지(결과 화면). 일반 주문 완료와 동일 형식(R-01)
A38: S034 | B38: 거래 | C38: 종목 | D38: 종목상세 | E38: 주문 (간편)> 구매> AI매칭 | F38: 탭(상세) | G38: =B38&IF(OR(C38="",C38="—"),"", " / "&C38)&IF(OR(D38="",D38="—"),"", " / "&D38)&IF(OR(E38="",E38="—"),"", " / "&E38) -> 거래 / 종목 / 종목상세 / 주문 (간편)> 구매> AI매칭 | I38: =COUNTIFS('기능정의 상세'!$A$4:$A$1200,A38,'기능정의 상세'!$K$4:$K$1200,"<>삭제") -> 4 | J38: 초안 | K38: 수정 | L38: 거래 / 전체 / 종목상세 / 주문 (간편)> 구매> AI매칭 | M38: AI매칭 '주문예정내역' → '예상 체결 내역' 상시 노출 영역으로 변경(R-06)
A39: S035 | B39: 거래 | C39: 종목 | D39: 종목상세 | E39: 주문 (간편)> 구매> AI매칭> 구매주문 | F39: 바텀시트 | G39: =B39&IF(OR(C39="",C39="—"),"", " / "&C39)&IF(OR(D39="",D39="—"),"", " / "&D39)&IF(OR(E39="",E39="—"),"", " / "&E39) -> 거래 / 종목 / 종목상세 / 주문 (간편)> 구매> AI매칭> 구매주문 | I39: =COUNTIFS('기능정의 상세'!$A$4:$A$1200,A39,'기능정의 상세'!$K$4:$K$1200,"<>삭제") -> 5 | J39: 초안 | K39: 수정 | L39: 거래 / 전체 / 종목상세 / 주문 (간편)> 구매> AI매칭> 구매주문 | (화면구분) 팝업 → 바텀시트 | M39: 주문 확인: 팝업 → 바텀시트(R-01)
A40: S036 | B40: 거래 | C40: 종목 | D40: 종목상세 | E40: 주문 (간편)> 구매> AI매칭> 구매완료 | F40: 상세 | G40: =B40&IF(OR(C40="",C40="—"),"", " / "&C40)&IF(OR(D40="",D40="—"),"", " / "&D40)&IF(OR(E40="",E40="—"),"", " / "&E40) -> 거래 / 종목 / 종목상세 / 주문 (간편)> 구매> AI매칭> 구매완료 | I40: =COUNTIFS('기능정의 상세'!$A$4:$A$1200,A40,'기능정의 상세'!$K$4:$K$1200,"<>삭제") -> 4 | J40: 초안 | K40: 수정 | L40: 거래 / 전체 / 종목상세 / 주문 (간편)> 구매> AI매칭> 구매완료 | (화면구분) 팝업 → 상세 | M40: 주문 완료: 팝업 → 전체 페이지(결과 화면). 일반 주문 완료와 동일 형식(R-01)
A41: S037 | B41: 거래 | C41: 종목 | D41: 종목상세 | E41: 주문 (간편)> 판매> 판매 희망가 | F41: 탭(상세) | G41: =B41&IF(OR(C41="",C41="—"),"", " / "&C41)&IF(OR(D41="",D41="—"),"", " / "&D41)&IF(OR(E41="",E41="—"),"", " / "&E41) -> 거래 / 종목 / 종목상세 / 주문 (간편)> 판매> 판매 희망가 | I41: =COUNTIFS('기능정의 상세'!$A$4:$A$1200,A41,'기능정의 상세'!$K$4:$K$1200,"<>삭제") -> 4 | J41: 초안 | K41: 수정 | L41: 거래 / 전체 / 종목상세 / 주문 (간편)> 판매> 판매 희망가 | M41: 2Depth '전체' → '종목' (S023 명칭 변경에 따라 경로 자동 반영) · 본문 표기 통일('팝업' → '바텀시트', R-01)
A42: S038 | B42: 거래 | C42: 종목 | D42: 종목상세 | E42: 주문 (간편)> 판매> 판매 희망가> 판매주문 | F42: 바텀시트 | G42: =B42&IF(OR(C42="",C42="—"),"", " / "&C42)&IF(OR(D42="",D42="—"),"", " / "&D42)&IF(OR(E42="",E42="—"),"", " / "&E42) -> 거래 / 종목 / 종목상세 / 주문 (간편)> 판매> 판매 희망가> 판매주문 | I42: =COUNTIFS('기능정의 상세'!$A$4:$A$1200,A42,'기능정의 상세'!$K$4:$K$1200,"<>삭제") -> 3 | J42: 초안 | K42: 수정 | L42: 거래 / 전체 / 종목상세 / 주문 (간편)> 판매> 판매 희망가> 판매주문 | (화면구분) 팝업 → 바텀시트 | M42: 주문 확인: 팝업 → 바텀시트(R-01)
A43: S039 | B43: 거래 | C43: 종목 | D43: 종목상세 | E43: 주문 (간편)> 판매> 판매 희망가> 판매완료 | F43: 상세 | G43: =B43&IF(OR(C43="",C43="—"),"", " / "&C43)&IF(OR(D43="",D43="—"),"", " / "&D43)&IF(OR(E43="",E43="—"),"", " / "&E43) -> 거래 / 종목 / 종목상세 / 주문 (간편)> 판매> 판매 희망가> 판매완료 | I43: =COUNTIFS('기능정의 상세'!$A$4:$A$1200,A43,'기능정의 상세'!$K$4:$K$1200,"<>삭제") -> 3 | J43: 초안 | K43: 수정 | L43: 거래 / 전체 / 종목상세 / 주문 (간편)> 판매> 판매 희망가> 판매완료 | (화면구분) 팝업 → 상세 | M43: 주문 완료: 팝업 → 전체 페이지(결과 화면). 일반 주문 완료와 동일 형식(R-01)
A44: S040 | B44: 거래 | C44: 종목 | D44: 종목상세 | E44: 주문 (간편)> 판매> AI매칭 | F44: 탭(상세) | G44: =B44&IF(OR(C44="",C44="—"),"", " / "&C44)&IF(OR(D44="",D44="—"),"", " / "&D44)&IF(OR(E44="",E44="—"),"", " / "&E44) -> 거래 / 종목 / 종목상세 / 주문 (간편)> 판매> AI매칭 | I44: =COUNTIFS('기능정의 상세'!$A$4:$A$1200,A44,'기능정의 상세'!$K$4:$K$1200,"<>삭제") -> 4 | J44: 초안 | K44: 수정 | L44: 거래 / 전체 / 종목상세 / 주문 (간편)> 판매> AI매칭 | M44: AI매칭 '주문예정내역' → '예상 체결 내역' 상시 노출 영역으로 변경(R-06)
A45: S041 | B45: 거래 | C45: 종목 | D45: 종목상세 | E45: 주문 (간편)> 판매> AI매칭> 판매주문 | F45: 바텀시트 | G45: =B45&IF(OR(C45="",C45="—"),"", " / "&C45)&IF(OR(D45="",D45="—"),"", " / "&D45)&IF(OR(E45="",E45="—"),"", " / "&E45) -> 거래 / 종목 / 종목상세 / 주문 (간편)> 판매> AI매칭> 판매주문 | I45: =COUNTIFS('기능정의 상세'!$A$4:$A$1200,A45,'기능정의 상세'!$K$4:$K$1200,"<>삭제") -> 5 | J45: 초안 | K45: 수정 | L45: 거래 / 전체 / 종목상세 / 주문 (간편)> 판매> AI매칭> 판매주문 | (화면구분) 팝업 → 바텀시트 | M45: 주문 확인: 팝업 → 바텀시트(R-01)
A46: S042 | B46: 거래 | C46: 종목 | D46: 종목상세 | E46: 주문 (간편)> 판매> AI매칭> 판매완료 | F46: 상세 | G46: =B46&IF(OR(C46="",C46="—"),"", " / "&C46)&IF(OR(D46="",D46="—"),"", " / "&D46)&IF(OR(E46="",E46="—"),"", " / "&E46) -> 거래 / 종목 / 종목상세 / 주문 (간편)> 판매> AI매칭> 판매완료 | I46: =COUNTIFS('기능정의 상세'!$A$4:$A$1200,A46,'기능정의 상세'!$K$4:$K$1200,"<>삭제") -> 3 | J46: 초안 | K46: 수정 | L46: 거래 / 전체 / 종목상세 / 주문 (간편)> 판매> AI매칭> 판매완료 | (화면구분) 팝업 → 상세 | M46: 주문 완료: 팝업 → 전체 페이지(결과 화면). 일반 주문 완료와 동일 형식(R-01)
... A48: S044 | B48: 거래 | C48: 종목 | D48: 종목상세 | E48: 주문 (간편)> 대기> 수정> 취소 | F48: 상세 | G48: =B48&IF(OR(C48="",C48="—"),"", " / "&C48)&IF(OR(D48="",D48="—"),"", " / "&D48)&IF(OR(E48="",E48="—"),"", " / "&E48) -> 거래 / 종목 / 종목상세 / 주문 (간편)> 대기> 수정> 취소 | I48: =COUNTIFS('기능정의 상세'!$A$4:$A$1200,A48,'기능정의 상세'!$K$4:$K$1200,"<>삭제") -> 4 | J48: 초안 | K48: 명칭변경 | L48: 거래 / 전체 / 종목상세 / 주문 (간편)> 대기> 수정/취소 | M48: 2Depth '전체' → '종목' (S023 명칭 변경에 따라 경로 자동 반영)
A49: S045 | B49: 거래 | C49: 종목 | D49: 종목상세 | E49: 주문 (일반) | F49: 탭(상세) | G49: =B49&IF(OR(C49="",C49="—"),"", " / "&C49)&IF(OR(D49="",D49="—"),"", " / "&D49)&IF(OR(E49="",E49="—"),"", " / "&E49) -> 거래 / 종목 / 종목상세 / 주문 (일반) | H49: Y | I49: =COUNTIFS('기능정의 상세'!$A$4:$A$1200,A49,'기능정의 상세'!$K$4:$K$1200,"<>삭제") -> 5 | J49: 초안 | K49: 명칭변경 | L49: 거래 / 전체 / 종목상세 / 주문 (일반) | M49: 2Depth '전체' → '종목' (S023 명칭 변경에 따라 경로 자동 반영) | N49: 아이콘 대체 예정. 텍스트 레이블 변경 없음
A50: S046 | B50: 거래 | C50: 종목 | D50: 종목상세 | E50: 주문 (일반)> 구매> 구매희망가 | F50: 상세 | G50: =B50&IF(OR(C50="",C50="—"),"", " / "&C50)&IF(OR(D50="",D50="—"),"", " / "&D50)&IF(OR(E50="",E50="—"),"", " / "&E50) -> 거래 / 종목 / 종목상세 / 주문 (일반)> 구매> 구매희망가 | I50: =COUNTIFS('기능정의 상세'!$A$4:$A$1200,A50,'기능정의 상세'!$K$4:$K$1200,"<>삭제") -> 3 | J50: 초안 | K50: 명칭변경 | L50: 거래 / 전체 / 종목상세 / 주문 (일반) > 구매 > 구매희망가 | M50: 2Depth '전체' → '종목' (S023 명칭 변경에 따라 경로 자동 반영) | O50: 화면구분 추정
A51: S047 | B51: 거래 | C51: 종목 | D51: 종목상세 | E51: 주문 (일반)> 구매> 구매희망가_가격 및 수량 입력(1> 3) | F51: 상세 | G51: =B51&IF(OR(C51="",C51="—"),"", " / "&C51)&IF(OR(D51="",D51="—"),"", " / "&D51)&IF(OR(E51="",E51="—"),"", " / "&E51) -> 거래 / 종목 / 종목상세 / 주문 (일반)> 구매> 구매희망가_가격 및 수량 입력(1> 3) | I51: =COUNTIFS('기능정의 상세'!$A$4:$A$1200,A51,'기능정의 상세'!$K$4:$K$1200,"<>삭제") -> 3 | J51: 초안 | K51: 명칭변경 | L51: 거래 / 전체 / 종목상세 / 주문 (일반) > 구매 > 구매희망가_가격 및 수량 입력(1/3) | M51: 2Depth '전체' → '종목' (S023 명칭 변경에 따라 경로 자동 반영) | O51: 화면구분 추정
A52: S048 | B52: 거래 | C52: 종목 | D52: 종목상세 | E52: 주문 (일반)> 구매> 구매희망가_가격 및 수량 입력(2> 3) | F52: 상세 | G52: =B52&IF(OR(C52="",C52="—"),"", " / "&C52)&IF(OR(D52="",D52="—"),"", " / "&D52)&IF(OR(E52="",E52="—"),"", " / "&E52) -> 거래 / 종목 / 종목상세 / 주문 (일반)> 구매> 구매희망가_가격 및 수량 입력(2> 3) | I52: =COUNTIFS('기능정의 상세'!$A$4:$A$1200,A52,'기능정의 상세'!$K$4:$K$1200,"<>삭제") -> 3 | J52: 초안 | K52: 명칭변경 | L52: 거래 / 전체 / 종목상세 / 주문 (일반) > 구매 > 구매희망가_가격 및 수량 입력(2/3) | M52: 2Depth '전체' → '종목' (S023 명칭 변경에 따라 경로 자동 반영) | O52: 화면구분 추정
A53: S049 | B53: 거래 | C53: 종목 | D53: 종목상세 | E53: 주문 (일반)> 구매> 구매희망가_가격 및 수량 입력(3> 3) | F53: 상세 | G53: =B53&IF(OR(C53="",C53="—"),"", " / "&C53)&IF(OR(D53="",D53="—"),"", " / "&D53)&IF(OR(E53="",E53="—"),"", " / "&E53) -> 거래 / 종목 / 종목상세 / 주문 (일반)> 구매> 구매희망가_가격 및 수량 입력(3> 3) | I53: =COUNTIFS('기능정의 상세'!$A$4:$A$1200,A53,'기능정의 상세'!$K$4:$K$1200,"<>삭제") -> 2 | J53: 초안 | K53: 수정 | L53: 거래 / 전체 / 종목상세 / 주문 (일반) > 구매 > 구매희망가_가격 및 수량 입력(3/3) | M53: 2Depth '전체' → '종목' (S023 명칭 변경에 따라 경로 자동 반영) · 본문 표기 통일('팝업' → '바텀시트', R-01) | O53: 화면구분 추정
A54: S050 | B54: 거래 | C54: 종목 | D54: 종목상세 | E54: 주문 (일반)> 구매> 구매희망가> 구매주문 | F54: 바텀시트 | G54: =B54&IF(OR(C54="",C54="—"),"", " / "&C54)&IF(OR(D54="",D54="—"),"", " / "&D54)&IF(OR(E54="",E54="—"),"", " / "&E54) -> 거래 / 종목 / 종목상세 / 주문 (일반)> 구매> 구매희망가> 구매주문 | I54: =COUNTIFS('기능정의 상세'!$A$4:$A$1200,A54,'기능정의 상세'!$K$4:$K$1200,"<>삭제") -> 3 | J54: 초안 | K54: 수정 | L54: 거래 / 전체 / 종목상세 / 주문 (일반) > 구매 > 구매희망가 > 구매주문 | (화면구분) 상세 → 바텀시트 | M54: 주문 확인: 상세(페이지) → 바텀시트(R-01) | O54: 화면구분 추정
A55: S051 | B55: 거래 | C55: 종목 | D55: 종목상세 | E55: 주문 (일반)> 구매> 구매희망가> 주문완료 | F55: 상세 | G55: =B55&IF(OR(C55="",C55="—"),"", " / "&C55)&IF(OR(D55="",D55="—"),"", " / "&D55)&IF(OR(E55="",E55="—"),"", " / "&E55) -> 거래 / 종목 / 종목상세 / 주문 (일반)> 구매> 구매희망가> 주문완료 | I55: =COUNTIFS('기능정의 상세'!$A$4:$A$1200,A55,'기능정의 상세'!$K$4:$K$1200,"<>삭제") -> 3 | J55: 초안 | K55: 명칭변경 | L55: 거래 / 전체 / 종목상세 / 주문 (일반) > 구매 > 구매희망가 > 주문완료 | M55: 2Depth '전체' → '종목' (S023 명칭 변경에 따라 경로 자동 반영) | O55: 화면구분 추정
A56: S052 | B56: 거래 | C56: 종목 | D56: 종목상세 | E56: 주문 (일반)> 구매> AI매칭_수량입력(1> 3) | F56: 상세 | G56: =B56&IF(OR(C56="",C56="—"),"", " / "&C56)&IF(OR(D56="",D56="—"),"", " / "&D56)&IF(OR(E56="",E56="—"),"", " / "&E56) -> 거래 / 종목 / 종목상세 / 주문 (일반)> 구매> AI매칭_수량입력(1> 3) | I56: =COUNTIFS('기능정의 상세'!$A$4:$A$1200,A56,'기능정의 상세'!$K$4:$K$1200,"<>삭제") -> 4 | J56: 초안 | K56: 수정 | L56: 거래 / 전체 / 종목상세 / 주문 (일반) > 구매 > AI매칭_수량입력(1/3) | M56: 예상 체결 내역 영역 상시 노출(입력 전 안내 상태) 추가(R-06) | O56: 화면구분 추정
A57: S053 | B57: 거래 | C57: 종목 | D57: 종목상세 | E57: 주문 (일반)> 구매> AI매칭_수량입력(2> 3) | F57: 상세 | G57: =B57&IF(OR(C57="",C57="—"),"", " / "&C57)&IF(OR(D57="",D57="—"),"", " / "&D57)&IF(OR(E57="",E57="—"),"", " / "&E57) -> 거래 / 종목 / 종목상세 / 주문 (일반)> 구매> AI매칭_수량입력(2> 3) | I57: =COUNTIFS('기능정의 상세'!$A$4:$A$1200,A57,'기능정의 상세'!$K$4:$K$1200,"<>삭제") -> 3 | J57: 초안 | K57: 수정 | L57: 거래 / 전체 / 종목상세 / 주문 (일반) > 구매 > AI매칭_수량입력(2/3) | M57: '주문예정내역' → '예상 체결 내역' · 링크 노출 방식 제거, 영역 상시 노출(R-06) | O57: 화면구분 추정
A58: S054 | B58: 거래 | C58: 종목 | D58: 종목상세 | E58: 주문 (일반)> 구매> AI매칭_수량입력(3> 3) | F58: 상세 | G58: =B58&IF(OR(C58="",C58="—"),"", " / "&C58)&IF(OR(D58="",D58="—"),"", " / "&D58)&IF(OR(E58="",E58="—"),"", " / "&E58) -> 거래 / 종목 / 종목상세 / 주문 (일반)> 구매> AI매칭_수량입력(3> 3) | I58: =COUNTIFS('기능정의 상세'!$A$4:$A$1200,A58,'기능정의 상세'!$K$4:$K$1200,"<>삭제") -> 2 | J58: 초안 | K58: 수정 | L58: 거래 / 전체 / 종목상세 / 주문 (일반) > 구매 > AI매칭_수량입력(3/3) | M58: '주문예정내역' → '예상 체결 내역' · 링크 노출 방식 제거, 영역 상시 노출(R-06) | O58: 화면구분 추정
A59: S055 | B59: 거래 | C59: 종목 | D59: 종목상세 | E59: 주문 (일반)> 구매> AI매칭_매칭 가능 호가 없는 경우 | F59: 상세 | G59: =B59&IF(OR(C59="",C59="—"),"", " / "&C59)&IF(OR(D59="",D59="—"),"", " / "&D59)&IF(OR(E59="",E59="—"),"", " / "&E59) -> 거래 / 종목 / 종목상세 / 주문 (일반)> 구매> AI매칭_매칭 가능 호가 없는 경우 | I59: =COUNTIFS('기능정의 상세'!$A$4:$A$1200,A59,'기능정의 상세'!$K$4:$K$1200,"<>삭제") -> 2 | J59: 초안 | K59: 수정 | L59: 거래 / 전체 / 종목상세 / 주문 (일반) > 구매 > AI매칭_매칭 가능 호가 없는 경우 | M59: '주문예정내역' → '예상 체결 내역' · 링크 노출 방식 제거, 영역 상시 노출(R-06) | O59: 화면구분 추정
A60: S056 | B60: 거래 | C60: 종목 | D60: 종목상세 | E60: 주문 (일반)> 구매> AI매칭_매칭 가능 호가 있는 경우 | F60: 상세 | G60: =B60&IF(OR(C60="",C60="—"),"", " / "&C60)&IF(OR(D60="",D60="—"),"", " / "&D60)&IF(OR(E60="",E60="—"),"", " / "&E60) -> 거래 / 종목 / 종목상세 / 주문 (일반)> 구매> AI매칭_매칭 가능 호가 있는 경우 | I60: =COUNTIFS('기능정의 상세'!$A$4:$A$1200,A60,'기능정의 상세'!$K$4:$K$1200,"<>삭제") -> 2 | J60: 초안 | K60: 수정 | L60: 거래 / 전체 / 종목상세 / 주문 (일반) > 구매 > AI매칭_매칭 가능 호가 있는 경우 | M60: '주문예정내역' → '예상 체결 내역' · 링크 노출 방식 제거, 영역 상시 노출(R-06) | O60: 화면구분 추정
A61: S057 | B61: 거래 | C61: 종목 | D61: 종목상세 | E61: 주문 (일반)> 구매> AI매칭> 구매주문 | F61: 바텀시트 | G61: =B61&IF(OR(C61="",C61="—"),"", " / "&C61)&IF(OR(D61="",D61="—"),"", " / "&D61)&IF(OR(E61="",E61="—"),"", " / "&E61) -> 거래 / 종목 / 종목상세 / 주문 (일반)> 구매> AI매칭> 구매주문 | I61: =COUNTIFS('기능정의 상세'!$A$4:$A$1200,A61,'기능정의 상세'!$K$4:$K$1200,"<>삭제") -> 4 | J61: 초안 | K61: 수정 | L61: 거래 / 전체 / 종목상세 / 주문 (일반) > 구매 > AI매칭 > 구매주문 | (화면구분) 상세 → 바텀시트 | M61: 주문 확인: 상세(페이지) → 바텀시트(R-01) | O61: 화면구분 추정
... A74: S070 | B74: 거래 | C74: 종목 | D74: 종목상세 | E74: 주문 (일반)> 판매> AI매칭> 주문완료 | F74: 상세 | G74: =B74&IF(OR(C74="",C74="—"),"", " / "&C74)&IF(OR(D74="",D74="—"),"", " / "&D74)&IF(OR(E74="",E74="—"),"", " / "&E74) -> 거래 / 종목 / 종목상세 / 주문 (일반)> 판매> AI매칭> 주문완료 | I74: =COUNTIFS('기능정의 상세'!$A$4:$A$1200,A74,'기능정의 상세'!$K$4:$K$1200,"<>삭제") -> 3 | J74: 초안 | K74: 수정 | L74: 거래 / 전체 / 종목상세 / 주문 (일반) > 판매 > AI매칭 > 주문완료 | M74: 2Depth '전체' → '종목' (S023 명칭 변경에 따라 경로 자동 반영) · 본문 표기 통일('팝업' → '바텀시트', R-01) | O74: 화면구분 추정
A75: S071 | B75: 거래 | C75: 종목 | D75: 종목상세 | E75: 호가 | F75: 탭(상세) | G75: =B75&IF(OR(C75="",C75="—"),"", " / "&C75)&IF(OR(D75="",D75="—"),"", " / "&D75)&IF(OR(E75="",E75="—"),"", " / "&E75) -> 거래 / 종목 / 종목상세 / 호가 | H75: Y | I75: =COUNTIFS('기능정의 상세'!$A$4:$A$1200,A75,'기능정의 상세'!$K$4:$K$1200,"<>삭제") -> 5 | J75: 초안 | K75: 명칭변경 | L75: 거래 / 전체 / 종목상세 / 호가 | M75: 2Depth '전체' → '종목' (S023 명칭 변경에 따라 경로 자동 반영) | N75: "호가" 유지 결정
A76: S072 | B76: 거래 | C76: 종목 | D76: 종목상세 | E76: 차트 | F76: 탭(상세) | G76: =B76&IF(OR(C76="",C76="—"),"", " / "&C76)&IF(OR(D76="",D76="—"),"", " / "&D76)&IF(OR(E76="",E76="—"),"", " / "&E76) -> 거래 / 종목 / 종목상세 / 차트 | H76: Y | I76: =COUNTIFS('기능정의 상세'!$A$4:$A$1200,A76,'기능정의 상세'!$K$4:$K$1200,"<>삭제") -> 6 | J76: 초안 | K76: 명칭변경 | L76: 거래 / 전체 / 종목상세 / 차트 | M76: 2Depth '전체' → '종목' (S023 명칭 변경에 따라 경로 자동 반영)
A77: S073 | B77: 거래 | C77: 종목 | D77: 종목상세 | E77: 차트> 체결시세 목록 | F77: 목록 | G77: =B77&IF(OR(C77="",C77="—"),"", " / "&C77)&IF(OR(D77="",D77="—"),"", " / "&D77)&IF(OR(E77="",E77="—"),"", " / "&E77) -> 거래 / 종목 / 종목상세 / 차트> 체결시세 목록 | H77: Y | I77: =COUNTIFS('기능정의 상세'!$A$4:$A$1200,A77,'기능정의 상세'!$K$4:$K$1200,"<>삭제") -> 6 | J77: 초안 | K77: 명칭변경 | L77: 거래 / 전체 / 종목상세 / 차트 > 체결시세 목록 | M77: 2Depth '전체' → '종목' (S023 명칭 변경에 따라 경로 자동 반영)
A78: S074 | B78: 거래 | C78: 종목 | D78: 종목상세 | E78: 차트> 일별시세 목록 | F78: 목록 | G78: =B78&IF(OR(C78="",C78="—"),"", " / "&C78)&IF(OR(D78="",D78="—"),"", " / "&D78)&IF(OR(E78="",E78="—"),"", " / "&E78) -> 거래 / 종목 / 종목상세 / 차트> 일별시세 목록 | H78: Y | I78: =COUNTIFS('기능정의 상세'!$A$4:$A$1200,A78,'기능정의 상세'!$K$4:$K$1200,"<>삭제") -> 5 | J78: 초안 | K78: 명칭변경 | L78: 거래 / 전체 / 종목상세 / 차트 > 일별시세 목록 | M78: 2Depth '전체' → '종목' (S023 명칭 변경에 따라 경로 자동 반영)
A79: S075 | B79: 거래 | C79: 종목 | D79: 종목상세 | E79: 내 주문 | F79: 탭(목록) | G79: =B79&IF(OR(C79="",C79="—"),"", " / "&C79)&IF(OR(D79="",D79="—"),"", " / "&D79)&IF(OR(E79="",E79="—"),"", " / "&E79) -> 거래 / 종목 / 종목상세 / 내 주문 | I79: =COUNTIFS('기능정의 상세'!$A$4:$A$1200,A79,'기능정의 상세'!$K$4:$K$1200,"<>삭제") -> 5 | J79: 초안 | K79: 수정 | L79: 거래 / 전체 / 종목상세 / 내 주문 | M79: 계좌 셀렉터(R-04) · 주문 카드 표기 통일(R-05) · 필터 기준 재정의 · 주문 상세 시트(S152) 연결
A80: S140 | B80: 거래 | C80: 종목 | D80: 종목상세 | E80: 내 주문 | F80: 탭(목록) | G80: =B80&IF(OR(C80="",C80="—"),"", " / "&C80)&IF(OR(D80="",D80="—"),"", " / "&D80)&IF(OR(E80="",E80="—"),"", " / "&E80) -> 거래 / 종목 / 종목상세 / 내 주문 | H80: Y | I80: =COUNTIFS('기능정의 상세'!$A$4:$A$1200,A80,'기능정의 상세'!$K$4:$K$1200,"<>삭제") -> 6 | J80: 초안 | K80: 수정 | L80: 거래 / 전체 / 종목상세 / 내 주문 | M80: 계좌 셀렉터(R-04) · 주문 카드 표기 통일(R-05)
A81: S076 | B81: 거래 | C81: 종목 | D81: 종목상세 | E81: 내 주문> 계좌변경 | F81: 상세 | G81: =B81&IF(OR(C81="",C81="—"),"", " / "&C81)&IF(OR(D81="",D81="—"),"", " / "&D81)&IF(OR(E81="",E81="—"),"", " / "&E81) -> 거래 / 종목 / 종목상세 / 내 주문> 계좌변경 | I81: =COUNTIFS('기능정의 상세'!$A$4:$A$1200,A81,'기능정의 상세'!$K$4:$K$1200,"<>삭제") -> 0 | J81: 초안 | K81: 삭제 | L81: 거래 / 전체 / 종목상세 / 내 주문> 계좌변경 | M81: S089(계좌 변경 바텀시트)로 통합 — 진입점은 계좌 셀렉터 1종(R-04)
A82: S077 | B82: 거래 | C82: 종목 | D82: 종목상세 | E82: 내 주문> 필터 | F82: 바텀시트 | G82: =B82&IF(OR(C82="",C82="—"),"", " / "&C82)&IF(OR(D82="",D82="—"),"", " / "&D82)&IF(OR(E82="",E82="—"),"", " / "&E82) -> 거래 / 종목 / 종목상세 / 내 주문> 필터 | I82: =COUNTIFS('기능정의 상세'!$A$4:$A$1200,A82,'기능정의 상세'!$K$4:$K$1200,"<>삭제") -> 5 | J82: 초안 | K82: 수정 | L82: 거래 / 전체 / 종목상세 / 내 주문 > 필터 | (화면구분) 상세 → 바텀시트 | M82: 주문상태 필터를 수량 기반 포함 관계로 재정의(R-05) · 바텀시트 스타일 통일(R-02) | O82: 화면구분 추정
A83: S078 | B83: 거래 | C83: 종목 | D83: 종목상세 | E83: 커뮤니티> 목록 | F83: 목록 | G83: =B83&IF(OR(C83="",C83="—"),"", " / "&C83)&IF(OR(D83="",D83="—"),"", " / "&D83)&IF(OR(E83="",E83="—"),"", " / "&E83) -> 거래 / 종목 / 종목상세 / 커뮤니티> 목록 | H83: Y | I83: =COUNTIFS('기능정의 상세'!$A$4:$A$1200,A83,'기능정의 상세'!$K$4:$K$1200,"<>삭제") -> 6 | J83: 초안 | K83: 수정 | L83: 거래 / 전체 / 종목상세 / 커뮤니티> 목록 | M83: 정렬 드롭다운 → 정렬 팝업 트리거로 변경(R-02)
A84: S138 | B84: 거래 | C84: 종목 | D84: 종목상세 | E84: 커뮤니티 | F84: 목록 | G84: =B84&IF(OR(C84="",C84="—"),"", " / "&C84)&IF(OR(D84="",D84="—"),"", " / "&D84)&IF(OR(E84="",E84="—"),"", " / "&E84) -> 거래 / 종목 / 종목상세 / 커뮤니티 | H84: Y | I84: =COUNTIFS('기능정의 상세'!$A$4:$A$1200,A84,'기능정의 상세'!$K$4:$K$1200,"<>삭제") -> 6 | J84: 초안 | K84: 명칭변경 | L84: 거래 / 전체 / 종목상세 / 커뮤니티 | M84: 2Depth '전체' → '종목' (S023 명칭 변경에 따라 경로 자동 반영)
A85: S079 | B85: 거래 | C85: 종목 | D85: 종목상세 | E85: 커뮤니티_필터 | F85: 팝업 | G85: =B85&IF(OR(C85="",C85="—"),"", " / "&C85)&IF(OR(D85="",D85="—"),"", " / "&D85)&IF(OR(E85="",E85="—"),"", " / "&E85) -> 거래 / 종목 / 종목상세 / 커뮤니티_필터 | I85: =COUNTIFS('기능정의 상세'!$A$4:$A$1200,A85,'기능정의 상세'!$K$4:$K$1200,"<>삭제") -> 4 | J85: 초안 | K85: 수정 | L85: 거래 / 전체 / 종목상세 / 커뮤니티_필터 | (화면구분) 탭(상세) → 팝업 | M85: 정렬 드롭다운 → 정렬 팝업(R-02) · 깔때기 아이콘 불일치 해소 | O85: 화면구분 추정
A86: S080 | B86: 거래 | C86: 종목 | D86: 종목상세 | E86: 호가> 구매 호가 클릭시 | F86: 상세 | G86: =B86&IF(OR(C86="",C86="—"),"", " / "&C86)&IF(OR(D86="",D86="—"),"", " / "&D86)&IF(OR(E86="",E86="—"),"", " / "&E86) -> 거래 / 종목 / 종목상세 / 호가> 구매 호가 클릭시 | I86: =COUNTIFS('기능정의 상세'!$A$4:$A$1200,A86,'기능정의 상세'!$K$4:$K$1200,"<>삭제") -> 6 | J86: 초안 | K86: 명칭변경 | L86: 거래 / 전체 / 종목상세 / 호가 > 구매 호가 클릭시 | M86: 2Depth '전체' → '종목' (S023 명칭 변경에 따라 경로 자동 반영) | O86: 화면구분 추정
A87: S081 | B87: 거래 | C87: 종목 | D87: 종목상세 | E87: 호가> 판매 호가 클릭시 | F87: 상세 | G87: =B87&IF(OR(C87="",C87="—"),"", " / "&C87)&IF(OR(D87="",D87="—"),"", " / "&D87)&IF(OR(E87="",E87="—"),"", " / "&E87) -> 거래 / 종목 / 종목상세 / 호가> 판매 호가 클릭시 | I87: =COUNTIFS('기능정의 상세'!$A$4:$A$1200,A87,'기능정의 상세'!$K$4:$K$1200,"<>삭제") -> 5 | J87: 초안 | K87: 명칭변경 | L87: 거래 / 전체 / 종목상세 / 호가 > 판매 호가 클릭시 | M87: 2Depth '전체' → '종목' (S023 명칭 변경에 따라 경로 자동 반영) | O87: 화면구분 추정
A88: S141 | B88: 거래 | C88: 종목 | D88: 종목상세 | E88: 주문 (일반)> 판매> 판매희망가 | F88: 상세 | G88: =B88&IF(OR(C88="",C88="—"),"", " / "&C88)&IF(OR(D88="",D88="—"),"", " / "&D88)&IF(OR(E88="",E88="—"),"", " / "&E88) -> 거래 / 종목 / 종목상세 / 주문 (일반)> 판매> 판매희망가 | I88: =COUNTIFS('기능정의 상세'!$A$4:$A$1200,A88,'기능정의 상세'!$K$4:$K$1200,"<>삭제") -> 4 | J88: 초안 | K88: 명칭변경 | L88: 거래 / 전체 / 종목상세 / 주문 (일반)/판매/판매희망가 | M88: 2Depth '전체' → '종목' (S023 명칭 변경에 따라 경로 자동 반영) | O88: 화면구분 추정
A89: S082 | B89: 거래 | C89: 종목 | D89: 종목상세 | E89: 커뮤니티> 상세보기 | F89: 상세 | G89: =B89&IF(OR(C89="",C89="—"),"", " / "&C89)&IF(OR(D89="",D89="—"),"", " / "&D89)&IF(OR(E89="",E89="—"),"", " / "&E89) -> 거래 / 종목 / 종목상세 / 커뮤니티> 상세보기 | I89: =COUNTIFS('기능정의 상세'!$A$4:$A$1200,A89,'기능정의 상세'!$K$4:$K$1200,"<>삭제") -> 5 | J89: 초안 | K89: 명칭변경 | L89: 거래 / 전체 / 종목상세 / 커뮤니티 > 상세보기 | M89: 2Depth '전체' → '종목' (S023 명칭 변경에 따라 경로 자동 반영) | O89: 화면구분 추정
A90: S083 | B90: 거래 | C90: 종목 | D90: 종목상세 | E90: 커뮤니티> 상세보기_신고하기 | F90: 바텀시트 | G90: =B90&IF(OR(C90="",C90="—"),"", " / "&C90)&IF(OR(D90="",D90="—"),"", " / "&D90)&IF(OR(E90="",E90="—"),"", " / "&E90) -> 거래 / 종목 / 종목상세 / 커뮤니티> 상세보기_신고하기 | I90: =COUNTIFS('기능정의 상세'!$A$4:$A$1200,A90,'기능정의 상세'!$K$4:$K$1200,"<>삭제") -> 3 | J90: 초안 | K90: 수정 | L90: 거래 / 전체 / 종목상세 / 커뮤니티 > 상세보기_신고하기 | (화면구분) 상세 → 바텀시트 | M90: ⋮ 메뉴(미니 메뉴) → 액션 바텀시트(R-01) | O90: 화면구분 추정
A91: S084 | B91: 거래 | C91: 종목 | D91: 종목상세 | E91: 커뮤니티> 상세보기_신고하기 이유 | F91: 바텀시트 | G91: =B91&IF(OR(C91="",C91="—"),"", " / "&C91)&IF(OR(D91="",D91="—"),"", " / "&D91)&IF(OR(E91="",E91="—"),"", " / "&E91) -> 거래 / 종목 / 종목상세 / 커뮤니티> 상세보기_신고하기 이유 | I91: =COUNTIFS('기능정의 상세'!$A$4:$A$1200,A91,'기능정의 상세'!$K$4:$K$1200,"<>삭제") -> 4 | J91: 초안 | K91: 수정 | L91: 거래 / 전체 / 종목상세 / 커뮤니티 > 상세보기_신고하기 이유 | (화면구분) 상세 → 바텀시트 | M91: 화면구분 표기 통일: 신고 사유 = 바텀시트(R-01) | O91: 화면구분 추정
A92: S085 | B92: 거래 | C92: 종목 | D92: 종목상세 | E92: 커뮤니티> 글쓰기(1> 2) | F92: 글쓰기 | G92: =B92&IF(OR(C92="",C92="—"),"", " / "&C92)&IF(OR(D92="",D92="—"),"", " / "&D92)&IF(OR(E92="",E92="—"),"", " / "&E92) -> 거래 / 종목 / 종목상세 / 커뮤니티> 글쓰기(1> 2) | I92: =COUNTIFS('기능정의 상세'!$A$4:$A$1200,A92,'기능정의 상세'!$K$4:$K$1200,"<>삭제") -> 5 | J92: 초안 | K92: 수정 | L92: 거래 / 전체 / 종목상세 / 커뮤니티 > 글쓰기(1/2) | (화면구분) 상세 → 글쓰기 | M92: 화면구분 표기 통일: 글쓰기 | O92: 화면구분 추정
A93: S086 | B93: 거래 | C93: 종목 | D93: 종목상세 | E93: 커뮤니티> 글쓰기(2> 2) | F93: 글쓰기 | G93: =B93&IF(OR(C93="",C93="—"),"", " / "&C93)&IF(OR(D93="",D93="—"),"", " / "&D93)&IF(OR(E93="",E93="—"),"", " / "&E93) -> 거래 / 종목 / 종목상세 / 커뮤니티> 글쓰기(2> 2) | I93: =COUNTIFS('기능정의 상세'!$A$4:$A$1200,A93,'기능정의 상세'!$K$4:$K$1200,"<>삭제") -> 4 | J93: 초안 | K93: 수정 | L93: 거래 / 전체 / 종목상세 / 커뮤니티 > 글쓰기(2/2) | (화면구분) 상세 → 글쓰기 | M93: 화면구분 표기 통일: 글쓰기 | O93: 화면구분 추정
A94: S139 | B94: 내 주문 | C94: 계좌변경 | D94: — | E94: — | F94: 상세 | G94: =B94&IF(OR(C94="",C94="—"),"", " / "&C94)&IF(OR(D94="",D94="—"),"", " / "&D94)&IF(OR(E94="",E94="—"),"", " / "&E94) -> 내 주문 / 계좌변경 | H94: Y | I94: =COUNTIFS('기능정의 상세'!$A$4:$A$1200,A94,'기능정의 상세'!$K$4:$K$1200,"<>삭제") -> 0 | J94: 초안 | K94: 삭제 | M94: S089(계좌 변경 바텀시트)로 통합 | O94: 화면구분 추정 · 기존 메뉴구조 파일에 없음(신규/재확인 필요)
A95: S112 | B95: MY | C95: MY 메인 | D95: — | E95: — | F95: 메인 | G95: =B95&IF(OR(C95="",C95="—"),"", " / "&C95)&IF(OR(D95="",D95="—"),"", " / "&D95)&IF(OR(E95="",E95="—"),"", " / "&E95) -> MY / MY 메인 | H95: Y | I95: =COUNTIFS('기능정의 상세'!$A$4:$A$1200,A95,'기능정의 상세'!$K$4:$K$1200,"<>삭제") -> 9 | J95: 초안 | K95: 수정 | M95: MY 메인을 자산 중심 스크롤 허브로 재구성(내 자산·관심·활동·내 정보 카드), 비로그인 미리보기 추가(R-08) | N95: 내 자산 진입 카드 추가
A96: S087 | B96: MY | C96: 내 자산 | D96: 보유 | E96: — | F96: 목록 | G96: =B96&IF(OR(C96="",C96="—"),"", " / "&C96)&IF(OR(D96="",D96="—"),"", " / "&D96)&IF(OR(E96="",E96="—"),"", " / "&E96) -> MY / 내 자산 / 보유 | H96: Y | I96: =COUNTIFS('기능정의 상세'!$A$4:$A$1200,A96,'기능정의 상세'!$K$4:$K$1200,"<>삭제") -> 13 | J96: 편집중 | K96: 이동 | L96: 거래 / 보유 | M96: 거래 > 보유 → MY > 내 자산 > 보유. 공통 헤더(계좌 셀렉터·평가금·잔고) + 4탭(보유/주문 내역/손익 현황/거래 한도) | N96: 내 자산 화면의 첫 탭. 상단 공통 헤더는 탭 전환 시 유지
A97: S088 | B97: MY | C97: 내 자산 | D97: 주문 내역 | E97: — | F97: 목록 | G97: =B97&IF(OR(C97="",C97="—"),"", " / "&C97)&IF(OR(D97="",D97="—"),"", " / "&D97)&IF(OR(E97="",E97="—"),"", " / "&E97) -> MY / 내 자산 / 주문 내역 | H97: Y | I97: =COUNTIFS('기능정의 상세'!$A$4:$A$1200,A97,'기능정의 상세'!$K$4:$K$1200,"<>삭제") -> 12 | J97: 편집중 | K97: 이동 | L97: 거래 / 보유 / 주문 내역 | M97: 거래 > 보유 > 주문 내역 → MY > 내 자산 > 주문 내역. 카드 표기·필터 재정의(R-05) | N97: 필터: 미체결 / 체결 / 취소·만료 (수량 기반 포함 관계). 전체 계좌 기준 조회. 미체결 N건 바로가기 칩
A98: S152 | B98: MY | C98: 내 자산 | D98: 주문 내역 | E98: 주문 상세 | F98: 바텀시트 | G98: =B98&IF(OR(C98="",C98="—"),"", " / "&C98)&IF(OR(D98="",D98="—"),"", " / "&D98)&IF(OR(E98="",E98="—"),"", " / "&E98) -> MY / 내 자산 / 주문 내역 / 주문 상세 | H98: Y | I98: =COUNTIFS('기능정의 상세'!$A$4:$A$1200,A98,'기능정의 상세'!$K$4:$K$1200,"<>삭제") -> 5 | J98: 초안 | K98: 신규 | M98: 주문 상세 바텀시트 신규 — 체결 건별 내역·만료 D-day 표시(R-05) | N98: 주문 내역·종목상세 내 주문·대기 목록의 카드 탭에서 공통 호출
A99: S089 | B99: MY | C99: 내 자산 | D99: 계좌 변경 | E99: — | F99: 바텀시트 | G99: =B99&IF(OR(C99="",C99="—"),"", " / "&C99)&IF(OR(D99="",D99="—"),"", " / "&D99)&IF(OR(E99="",E99="—"),"", " / "&E99) -> MY / 내 자산 / 계좌 변경 | I99: =COUNTIFS('기능정의 상세'!$A$4:$A$1200,A99,'기능정의 상세'!$K$4:$K$1200,"<>삭제") -> 5 | J99: 초안 | K99: 이동 | L99: 거래 / 보유 / 계좌 요약> 계좌변경 | (화면구분) 상세 → 바텀시트 | M99: 거래 > 보유 > 계좌 요약 > 계좌변경 → MY > 내 자산 > 계좌 변경 (S076·S139 통합 정본)
A100: S090 | B100: MY | C100: 내 자산 | D100: 손익 현황 | E100: — | F100: 목록 | G100: =B100&IF(OR(C100="",C100="—"),"", " / "&C100)&IF(OR(D100="",D100="—"),"", " / "&D100)&IF(OR(E100="",E100="—"),"", " / "&E100) -> MY / 내 자산 / 손익 현황 | H100: Y | I100: =COUNTIFS('기능정의 상세'!$A$4:$A$1200,A100,'기능정의 상세'!$K$4:$K$1200,"<>삭제") -> 10 | J100: 편집중 | K100: 이동 | L100: 거래 / 보유 / 손익 현황 | M100: 거래 > 보유 > 손익 현황 → MY > 내 자산 > 손익 현황. 연도 뱃지를 연도 셀렉터로 교체 | N100: 기존 "나의 수익" → "손익 현황" (용어변경 포함). 종목별·기간별 손익 조회
A101: S091 | B101: MY | C101: 내 자산 | D101: 거래 한도 | E101: — | F101: 상세 | G101: =B101&IF(OR(C101="",C101="—"),"", " / "&C101)&IF(OR(D101="",D101="—"),"", " / "&D101)&IF(OR(E101="",E101="—"),"", " / "&E101) -> MY / 내 자산 / 거래 한도 | H101: Y | I101: =COUNTIFS('기능정의 상세'!$A$4:$A$1200,A101,'기능정의 상세'!$K$4:$K$1200,"<>삭제") -> 12 | J101: 편집중 | K101: 이동 | L101: 거래 / 보유 / 거래 한도 | M101: 거래 > 보유 > 거래 한도 → MY > 내 자산 > 거래 한도. [한도 늘리기] 링크 추가 | N101: 기존 "거래 한도" → "잔여 거래 한도" (용어변경 포함)
A102: S092 | B102: MY | C102: 관심 | D102: 관심종목 | E102: — | F102: 목록 | G102: =B102&IF(OR(C102="",C102="—"),"", " / "&C102)&IF(OR(D102="",D102="—"),"", " / "&D102)&IF(OR(E102="",E102="—"),"", " / "&E102) -> MY / 관심 / 관심종목 | H102: Y | I102: =COUNTIFS('기능정의 상세'!$A$4:$A$1200,A102,'기능정의 상세'!$K$4:$K$1200,"<>삭제") -> 14 | J102: 편집중 | K102: 이동 | L102: 거래 / 관심 / 관심종목 | M102: 거래 > 관심 > 관심종목 → MY > 관심 > 관심종목 | N102: MY > 관심: [관심종목] [관심가게] 세그먼트
A103: S022 | B103: MY | C103: 관심 | D103: 관심가게 | E103: — | F103: 목록 | G103: =B103&IF(OR(C103="",C103="—"),"", " / "&C103)&IF(OR(D103="",D103="—"),"", " / "&D103)&IF(OR(E103="",E103="—"),"", " / "&E103) -> MY / 관심 / 관심가게 | H103: Y | I103: =COUNTIFS('기능정의 상세'!$A$4:$A$1200,A103,'기능정의 상세'!$K$4:$K$1200,"<>삭제") -> 5 | J103: 초안 | K103: 이동 | L103: 거래/관심가게 (위치 수정?) | (화면구분) 상세 → 목록 | M103: 거래 > 관심가게 → MY > 관심 > 관심가게 · 관심 아이콘 하트로 통일(R-12) | O103: 화면구분 추정 · 기존 메뉴구조 파일에 없음(신규/재확인 필요)
A104: S113 | B104: MY | C104: 활동 내역 | D104: 커뮤니티 | E104: — | F104: 상세 | G104: =B104&IF(OR(C104="",C104="—"),"", " / "&C104)&IF(OR(D104="",D104="—"),"", " / "&D104)&IF(OR(E104="",E104="—"),"", " / "&E104) -> MY / 활동 내역 / 커뮤니티 | I104: =COUNTIFS('기능정의 상세'!$A$4:$A$1200,A104,'기능정의 상세'!$K$4:$K$1200,"<>삭제") -> 4 | J104: 초안 | K104: 수정 | M104: 상단 3탭(활동 내역/내 정보/내 투자성향) 삭제 → 허브 카드에서 진입, 게시글/댓글 세그먼트화(R-03) | O104: 화면구분 추정
A105: S114 | B105: MY | C105: 활동 내역 | D105: 커뮤니티 | E105: 게시글 | F105: 탭(목록) | G105: =B105&IF(OR(C105="",C105="—"),"", " / "&C105)&IF(OR(D105="",D105="—"),"", " / "&D105)&IF(OR(E105="",E105="—"),"", " / "&E105) -> MY / 활동 내역 / 커뮤니티 / 게시글 | H105: Y | I105: =COUNTIFS('기능정의 상세'!$A$4:$A$1200,A105,'기능정의 상세'!$K$4:$K$1200,"<>삭제") -> 4 | J105: 초안 | K105: 유지 | O105: 화면구분 추정
A106: S115 | B106: MY | C106: 활동 내역 | D106: 커뮤니티 | E106: 게시글 | F106: 탭(목록) | G106: =B106&IF(OR(C106="",C106="—"),"", " / "&C106)&IF(OR(D106="",D106="—"),"", " / "&D106)&IF(OR(E106="",E106="—"),"", " / "&E106) -> MY / 활동 내역 / 커뮤니티 / 게시글 | I106: =COUNTIFS('기능정의 상세'!$A$4:$A$1200,A106,'기능정의 상세'!$K$4:$K$1200,"<>삭제") -> 3 | J106: 초안 | K106: 유지 | O106: 화면구분 추정
A107: S116 | B107: MY | C107: 활동 내역 | D107: 커뮤니티 | E107: 게시글> 필터 | F107: 팝업 | G107: =B107&IF(OR(C107="",C107="—"),"", " / "&C107)&IF(OR(D107="",D107="—"),"", " / "&D107)&IF(OR(E107="",E107="—"),"", " / "&E107) -> MY / 활동 내역 / 커뮤니티 / 게시글> 필터 | I107: =COUNTIFS('기능정의 상세'!$A$4:$A$1200,A107,'기능정의 상세'!$K$4:$K$1200,"<>삭제") -> 1 | J107: 초안 | K107: 수정 | L107: (화면구분) 상세 → 팝업 | M107: 정렬 드롭다운 → 정렬 팝업(R-02) | O107: 화면구분 추정
A108: S117 | B108: MY | C108: 활동 내역 | D108: 커뮤니티 | E108: 댓글 | F108: 탭(목록) | G108: =B108&IF(OR(C108="",C108="—"),"", " / "&C108)&IF(OR(D108="",D108="—"),"", " / "&D108)&IF(OR(E108="",E108="—"),"", " / "&E108) -> MY / 활동 내역 / 커뮤니티 / 댓글 | H108: Y | I108: =COUNTIFS('기능정의 상세'!$A$4:$A$1200,A108,'기능정의 상세'!$K$4:$K$1200,"<>삭제") -> 3 | J108: 초안 | K108: 유지 | O108: 화면구분 추정
A109: S118 | B109: MY | C109: 활동 내역 | D109: 커뮤니티 | E109: 댓글 | F109: 탭(목록) | G109: =B109&IF(OR(C109="",C109="—"),"", " / "&C109)&IF(OR(D109="",D109="—"),"", " / "&D109)&IF(OR(E109="",E109="—"),"", " / "&E109) -> MY / 활동 내역 / 커뮤니티 / 댓글 | I109: =COUNTIFS('기능정의 상세'!$A$4:$A$1200,A109,'기능정의 상세'!$K$4:$K$1200,"<>삭제") -> 2 | J109: 초안 | K109: 수정 | M109: 게시글/댓글 전환을 세그먼트로 표기 통일(R-03) | O109: 화면구분 추정
A110: S119 | B110: MY | C110: 활동 내역 | D110: 문의내역 | E110: — | F110: 상세 | G110: =B110&IF(OR(C110="",C110="—"),"", " / "&C110)&IF(OR(D110="",D110="—"),"", " / "&D110)&IF(OR(E110="",E110="—"),"", " / "&E110) -> MY / 활동 내역 / 문의내역 | H110: Y | I110: =COUNTIFS('기능정의 상세'!$A$4:$A$1200,A110,'기능정의 상세'!$K$4:$K$1200,"<>삭제") -> 3 | J110: 초안 | K110: 유지 | O110: 화면구분 추정
A111: S120 | B111: MY | C111: 활동 내역 | D111: 문의내역 | E111: — | F111: 상세 | G111: =B111&IF(OR(C111="",C111="—"),"", " / "&C111)&IF(OR(D111="",D111="—"),"", " / "&D111)&IF(OR(E111="",E111="—"),"", " / "&E111) -> MY / 활동 내역 / 문의내역 | I111: =COUNTIFS('기능정의 상세'!$A$4:$A$1200,A111,'기능정의 상세'!$K$4:$K$1200,"<>삭제") -> 2 | J111: 초안 | K111: 유지 | O111: 화면구분 추정
A112: S121 | B112: MY | C112: 활동 내역 | D112: 문의내역 | E112: 1> 2 | F112: 상세 | G112: =B112&IF(OR(C112="",C112="—"),"", " / "&C112)&IF(OR(D112="",D112="—"),"", " / "&D112)&IF(OR(E112="",E112="—"),"", " / "&E112) -> MY / 활동 내역 / 문의내역 / 1> 2 | I112: =COUNTIFS('기능정의 상세'!$A$4:$A$1200,A112,'기능정의 상세'!$K$4:$K$1200,"<>삭제") -> 4 | J112: 초안 | K112: 수정 | M112: 필터 드롭다운 → 필터 팝업(R-02) | O112: 화면구분 추정
A113: S122 | B113: MY | C113: 활동 내역 | D113: 문의내역 | E113: 2> 2 | F113: 팝업 | G113: =B113&IF(OR(C113="",C113="—"),"", " / "&C113)&IF(OR(D113="",D113="—"),"", " / "&D113)&IF(OR(E113="",E113="—"),"", " / "&E113) -> MY / 활동 내역 / 문의내역 / 2> 2 | I113: =COUNTIFS('기능정의 상세'!$A$4:$A$1200,A113,'기능정의 상세'!$K$4:$K$1200,"<>삭제") -> 2 | J113: 초안 | K113: 수정 | L113: (화면구분) 상세 → 팝업 | M113: 필터 드롭다운 → 필터 팝업(R-02, 단일 선택) | O113: 화면구분 추정
A114: S123 | B114: MY | C114: 내 정보 | D114: 재인증 | E114: — | F114: 상세 | G114: =B114&IF(OR(C114="",C114="—"),"", " / "&C114)&IF(OR(D114="",D114="—"),"", " / "&D114)&IF(OR(E114="",E114="—"),"", " / "&E114) -> MY / 내 정보 / 재인증 | H114: Y | I114: =COUNTIFS('기능정의 상세'!$A$4:$A$1200,A114,'기능정의 상세'!$K$4:$K$1200,"<>삭제") -> 4 | J114: 초안 | K114: 수정 | L114: MY / 내정보 / 기본정보 | M114: 3Depth '기본정보' → '재인증'(실제 화면은 재인증 게이트) · 재인증 규칙(R-09)
...

Sheet 기능정의 상세
A1: 메뉴별 상세 기능정의 v2
A2: 파란 헤더(B~F열)는 '메뉴구조' 시트에서 화면ID로 자동 연동되는 값입니다(직접 수정 금지). 화면 추가 시 A열에 화면ID만 입력하세요.
A3: 화면ID | B3: 1Depth | C3: 2Depth | D3: 3Depth | E3: 4Depth | F3: 화면(전체 경로) | G3: 기능# | H3: 기능 제목 | I3: 설명 | J3: 정책/주의사항 | K3: 변경구분 | L3: 변경 내용 | M3: 변경 전 설명
A4: S001 | B4: =INDEX(메뉴구조!$B$5:$B$300,MATCH($A4,메뉴구조!$A$5:$A$300,0))&"" -> 스플래시 | C4: =INDEX(메뉴구조!$C$5:$C$300,MATCH($A4,메뉴구조!$A$5:$A$300,0))&"" -> — | D4: =INDEX(메뉴구조!$D$5:$D$300,MATCH($A4,메뉴구조!$A$5:$A$300,0))&"" -> — | E4: =INDEX(메뉴구조!$E$5:$E$300,MATCH($A4,메뉴구조!$A$5:$A$300,0))&"" -> — | F4: =INDEX(메뉴구조!$G$5:$G$300,MATCH($A4,메뉴구조!$A$5:$A$300,0))&"" -> 스플래시 | G4: 1 | H4: 서비스 로고 (한국ST거래) | I4: - 앱 브랜드 로고와 서비스명 '한국ST거래'가 상단에 표시됨 - 스플래시 화면 내 정적 요소로 별도의 클릭/탭 인터랙션은 감지되지 않음 - 화면에서 감지된 링크/버튼 목록이 제공되지 않아 실제 이동 대상은 확인되지 않음 | K4: 유지
A5: S001 | B5: =INDEX(메뉴구조!$B$5:$B$300,MATCH($A5,메뉴구조!$A$5:$A$300,0))&"" -> 스플래시 | C5: =INDEX(메뉴구조!$C$5:$C$300,MATCH($A5,메뉴구조!$A$5:$A$300,0))&"" -> — | D5: =INDEX(메뉴구조!$D$5:$D$300,MATCH($A5,메뉴구조!$A$5:$A$300,0))&"" -> — | E5: =INDEX(메뉴구조!$E$5:$E$300,MATCH($A5,메뉴구조!$A$5:$A$300,0))&"" -> — | F5: =INDEX(메뉴구조!$G$5:$G$300,MATCH($A5,메뉴구조!$A$5:$A$300,0))&"" -> 스플래시 | G5: 2 | H5: 메인 슬로건 문구 | I5: - '당신의 일상이 가치가 되는 곳'이라는 브랜드 슬로건 텍스트 - 서비스의 정체성(투자계약증권 다자간상대매매 유통 앱)을 함축적으로 전달하는 문구로 추정됨 - 별도의 사용자 액션(입력/클릭)은 없는 순수 텍스트 요소 | K5: 유지
A6: S001 | B6: =INDEX(메뉴구조!$B$5:$B$300,MATCH($A6,메뉴구조!$A$5:$A$300,0))&"" -> 스플래시 | C6: =INDEX(메뉴구조!$C$5:$C$300,MATCH($A6,메뉴구조!$A$5:$A$300,0))&"" -> — | D6: =INDEX(메뉴구조!$D$5:$D$300,MATCH($A6,메뉴구조!$A$5:$A$300,0))&"" -> — | E6: =INDEX(메뉴구조!$E$5:$E$300,MATCH($A6,메뉴구조!$A$5:$A$300,0))&"" -> — | F6: =INDEX(메뉴구조!$G$5:$G$300,MATCH($A6,메뉴구조!$A$5:$A$300,0))&"" -> 스플래시 | G6: 3 | H6: 일러스트레이션 (상점가 이미지) | I6: - 카페, 레스토랑, 뷰티샵, 마트 등 다양한 업종의 상점이 나란히 배치된 아이소메트릭 스타일 일러스트 - 하단에 디지털/네트워크 느낌의 발광 그래픽이 배치되어 '오프라인 가게'가 '디지털 자산(증권)'으로 연결됨을 상징적으로 표현한 것으로 추정됨 (약관상 '가게'·'종목' 개념과 연관 추정) - 클릭/탭 등 인터랙션 요소로 보이지 않음 | K6: 유지
A7: S001 | B7: =INDEX(메뉴구조!$B$5:$B$300,MATCH($A7,메뉴구조!$A$5:$A$300,0))&"" -> 스플래시 | C7: =INDEX(메뉴구조!$C$5:$C$300,MATCH($A7,메뉴구조!$A$5:$A$300,0))&"" -> — | D7: =INDEX(메뉴구조!$D$5:$D$300,MATCH($A7,메뉴구조!$A$5:$A$300,0))&"" -> — | E7: =INDEX(메뉴구조!$E$5:$E$300,MATCH($A7,메뉴구조!$A$5:$A$300,0))&"" -> — | F7: =INDEX(메뉴구조!$G$5:$G$300,MATCH($A7,메뉴구조!$A$5:$A$300,0))&"" -> 스플래시 | G7: 4 | H7: 로딩 진행률 표시 (%) | I7: - 현재 로딩 진행률을 숫자(%)로 표시 (캡처 시점 59%) - 앱 초기 구동 시 리소스/데이터 로딩 진행 상태를 실시간으로 갱신하여 보여주는 요소로 추정됨 - 100% 도달 시 다음 화면(로그인 또는 메인)으로 자동 전환될 것으로 추정되나, 실제 전환 대상 화면은 이 캡처만으로는 확인 불가 | K7: 유지
A8: S001 | B8: =INDEX(메뉴구조!$B$5:$B$300,MATCH($A8,메뉴구조!$A$5:$A$300,0))&"" -> 스플래시 | C8: =INDEX(메뉴구조!$C$5:$C$300,MATCH($A8,메뉴구조!$A$5:$A$300,0))&"" -> — | D8: =INDEX(메뉴구조!$D$5:$D$300,MATCH($A8,메뉴구조!$A$5:$A$300,0))&"" -> — | E8: =INDEX(메뉴구조!$E$5:$E$300,MATCH($A8,메뉴구조!$A$5:$A$300,0))&"" -> — | F8: =INDEX(메뉴구조!$G$5:$G$300,MATCH($A8,메뉴구조!$A$5:$A$300,0))&"" -> 스플래시 | G8: 5 | H8: 로딩 프로그레스 바 | I8: - 위 진행률(%)에 대응하여 채워지는 가로형 진행 바 - 사용자 조작이 불가능한 상태 표시 전용 요소 - 로딩 완료 전까지 다른 화면으로의 진입(뒤로가기 등)이 제한될 가능성이 있으나 이 화면만으로는 확인 불가 | K8: 유지
A9: S001 | B9: =INDEX(메뉴구조!$B$5:$B$300,MATCH($A9,메뉴구조!$A$5:$A$300,0))&"" -> 스플래시 | C9: =INDEX(메뉴구조!$C$5:$C$300,MATCH($A9,메뉴구조!$A$5:$A$300,0))&"" -> — | D9: =INDEX(메뉴구조!$D$5:$D$300,MATCH($A9,메뉴구조!$A$5:$A$300,0))&"" -> — | E9: =INDEX(메뉴구조!$E$5:$E$300,MATCH($A9,메뉴구조!$A$5:$A$300,0))&"" -> — | F9: =INDEX(메뉴구조!$G$5:$G$300,MATCH($A9,메뉴구조!$A$5:$A$300,0))&"" -> 스플래시 | G9: 6 | H9: 로딩 안내 문구 | I9: - '최신 정보로 업데이트 중입니다.' 안내 텍스트 - 앱 실행 시 최신 시세/종목/공지 등 데이터를 서버에서 갱신하는 동안 사용자에게 대기를 안내하는 문구로 추정됨 - 로딩 실패(네트워크 오류 등) 시의 예외 처리 UI는 이 캡처에서 확인되지 않음 | K9: 유지
A10: S002 | B10: =INDEX(메뉴구조!$B$5:$B$300,MATCH($A10,메뉴구조!$A$5:$A$300,0))&"" -> 회원가입 | C10: =INDEX(메뉴구조!$C$5:$C$300,MATCH($A10,메뉴구조!$A$5:$A$300,0))&"" -> 약관동의 | D10: =INDEX(메뉴구조!$D$5:$D$300,MATCH($A10,메뉴구조!$A$5:$A$300,0))&"" -> — | E10: =INDEX(메뉴구조!$E$5:$E$300,MATCH($A10,메뉴구조!$A$5:$A$300,0))&"" -> — | F10: =INDEX(메뉴구조!$G$5:$G$300,MATCH($A10,메뉴구조!$A$5:$A$300,0))&"" -> 회원가입 / 약관동의 | G10: 1 | H10: 진행 단계 표시 | I10: - 화면 좌측 상단에 뒤로가기 버튼, 우측에 전체 3단계 중 현재 단계를 'N / 03' 형식으로 표시 - 그 아래 진행 바(주황색)가 현재 단계만큼 채워진다 - 회원가입은 약관동의(01) → 본인인증(02) → 회원정보 입력 등으로 이어지는 멀티스텝 폼이며, 뒤로가기를 누르면 이전 단계(첫 단계에서는 가입 진입 전 화면)로 돌아간다 | K10: 유지
A11: S002 | B11: =INDEX(메뉴구조!$B$5:$B$300,MATCH($A11,메뉴구조!$A$5:$A$300,0))&"" -> 회원가입 | C11: =INDEX(메뉴구조!$C$5:$C$300,MATCH($A11,메뉴구조!$A$5:$A$300,0))&"" -> 약관동의 | D11: =INDEX(메뉴구조!$D$5:$D$300,MATCH($A11,메뉴구조!$A$5:$A$300,0))&"" -> — | E11: =INDEX(메뉴구조!$E$5:$E$300,MATCH($A11,메뉴구조!$A$5:$A$300,0))&"" -> — | F11: =INDEX(메뉴구조!$G$5:$G$300,MATCH($A11,메뉴구조!$A$5:$A$300,0))&"" -> 회원가입 / 약관동의 | G11: 2 | H11: 안내 타이틀 | I11: '서비스 이용을 위한 약관에 동의해 주세요.' 2줄 안내 문구. 이 화면의 목적(약관 동의)을 굵은 글씨로 바로 인지시킨다. | K11: 유지
A12: S002 | B12: =INDEX(메뉴구조!$B$5:$B$300,MATCH($A12,메뉴구조!$A$5:$A$300,0))&"" -> 회원가입 | C12: =INDEX(메뉴구조!$C$5:$C$300,MATCH($A12,메뉴구조!$A$5:$A$300,0))&"" -> 약관동의 | D12: =INDEX(메뉴구조!$D$5:$D$300,MATCH($A12,메뉴구조!$A$5:$A$300,0))&"" -> — | E12: =INDEX(메뉴구조!$E$5:$E$300,MATCH($A12,메뉴구조!$A$5:$A$300,0))&"" -> — | F12: =INDEX(메뉴구조!$G$5:$G$300,MATCH($A12,메뉴구조!$A$5:$A$300,0))&"" -> 회원가입 / 약관동의 | G12: 3 | H12: [필수] 전체동의 토글 | I12: - 좌측 체크박스 + 우측 펼침/접힘 화살표(v)로 구성된 아코디언 헤더 - 체크하면 하위 4개 약관이 모두 체크되고, 화살표를 누르면 하위 항목 목록이 펼쳐지거나 접힌다(캡처는 펼쳐진 상태) - '[필수]' 라벨대로 이 전체동의(=하위 4개 모두 동의)가 완료돼야 다음 단계로 진행할 수 있다 | J12: 이용약관 제4조②: '서비스에 가입하려는 사람은 본 약관에 동의하고, 회사가 요구하는 본인인증 절차를 완료하여야 한다' — 이 화면이 그 시작 지점이다. | K12: 유지
A13: S002 | B13: =INDEX(메뉴구조!$B$5:$B$300,MATCH($A13,메뉴구조!$A$5:$A$300,0))&"" -> 회원가입 | C13: =INDEX(메뉴구조!$C$5:$C$300,MATCH($A13,메뉴구조!$A$5:$A$300,0))&"" -> 약관동의 | D13: =INDEX(메뉴구조!$D$5:$D$300,MATCH($A13,메뉴구조!$A$5:$A$300,0))&"" -> — | E13: =INDEX(메뉴구조!$E$5:$E$300,MATCH($A13,메뉴구조!$A$5:$A$300,0))&"" -> — | F13: =INDEX(메뉴구조!$G$5:$G$300,MATCH($A13,메뉴구조!$A$5:$A$300,0))&"" -> 회원가입 / 약관동의 | G13: 4 | H13: 개별 약관 체크리스트 (4개) | I13: - [필수] 개인정보 수집·이용 동의 / [필수] 통신사 이용 약관 / [필수] 서비스 이용약관 / [필수] 투자자 유의사항, 총 4행 - 각 행은 체크박스 + 우측 '>' 화살표로 구성되며, 화살표(또는 문구)를 누르면 해당 약관 전문이 뜨는 화면/바텀시트로 이동할 것으로 추정(현재 캡처만으로 상세 진입 UI는 확인 불가 — 실기기 검증 필요) - 4개 모두 체크돼야 전체동의가 활성화되고 [다음] 버튼도 활성화된다 | J13: '서비스 이용약관' 항목은 실제 이용약관 전문(제1~21조)과, '투자자 유의사항'은 AI매칭 비권유·수익률 참고용 등 투자자 보호 고지사항과 정확히 연결되는지 QA 필요. | K13: 유지
A14: S002 | B14: =INDEX(메뉴구조!$B$5:$B$300,MATCH($A14,메뉴구조!$A$5:$A$300,0))&"" -> 회원가입 | C14: =INDEX(메뉴구조!$C$5:$C$300,MATCH($A14,메뉴구조!$A$5:$A$300,0))&"" -> 약관동의 | D14: =INDEX(메뉴구조!$D$5:$D$300,MATCH($A14,메뉴구조!$A$5:$A$300,0))&"" -> — | E14: =INDEX(메뉴구조!$E$5:$E$300,MATCH($A14,메뉴구조!$A$5:$A$300,0))&"" -> — | F14: =INDEX(메뉴구조!$G$5:$G$300,MATCH($A14,메뉴구조!$A$5:$A$300,0))&"" -> 회원가입 / 약관동의 | G14: 5 | H14: 하단 [다음] 버튼 | I14: - 화면 하단 고정 버튼 - 캡처 시점(전부 미체크)에는 비활성(회색)으로 보인다 - 필수 약관 4개가 모두 체크돼야 활성화되며, 누르면 다음 단계(02/03, 본인인증)로 이동할 것으로 추정된다 - 일부만 체크한 상태에서의 동작(비활성으로 클릭 자체가 막히는지, 클릭 시 안내 토스트가 뜨는지)은 실기기 확인 필요 | K14: 유지
A15: S003 | B15: =INDEX(메뉴구조!$B$5:$B$300,MATCH($A15,메뉴구조!$A$5:$A$300,0))&"" -> 회원가입 | C15: =INDEX(메뉴구조!$C$5:$C$300,MATCH($A15,메뉴구조!$A$5:$A$300,0))&"" -> 본인인증_정책 | D15: =INDEX(메뉴구조!$D$5:$D$300,MATCH($A15,메뉴구조!$A$5:$A$300,0))&"" -> — | E15: =INDEX(메뉴구조!$E$5:$E$300,MATCH($A15,메뉴구조!$A$5:$A$300,0))&"" -> — | F15: =INDEX(메뉴구조!$G$5:$G$300,MATCH($A15,메뉴구조!$A$5:$A$300,0))&"" -> 회원가입 / 본인인증_정책 | G15: 1 | H15: 본인인증 실패 안내 아이콘 | I15: - 경고(⚠) 표시가 있는 노트북 일러스트로, 본인인증 절차 중 오류가 발생했음을 시각적으로 알림 - 별도의 클릭/탭 동작 없는 순수 안내용 이미지 | K15: 유지
A16: S003 | B16: =INDEX(메뉴구조!$B$5:$B$300,MATCH($A16,메뉴구조!$A$5:$A$300,0))&"" -> 회원가입 | C16: =INDEX(메뉴구조!$C$5:$C$300,MATCH($A16,메뉴구조!$A$5:$A$300,0))&"" -> 본인인증_정책 | D16: =INDEX(메뉴구조!$D$5:$D$300,MATCH($A16,메뉴구조!$A$5:$A$300,0))&"" -> — | E16: =INDEX(메뉴구조!$E$5:$E$300,MATCH($A16,메뉴구조!$A$5:$A$300,0))&"" -> — | F16: =INDEX(메뉴구조!$G$5:$G$300,MATCH($A16,메뉴구조!$A$5:$A$300,0))&"" -> 회원가입 / 본인인증_정책 | G16: 2 | H16: 실패 안내 타이틀 | I16: - "본인인증에 실패했습니다." 굵은 글씨의 메인 안내 문구 - 회원가입 절차 중 본인인증(실명인증·휴대폰 인증 등) 처리 과정에서 오류가 발생했을 때 노출되는 전체화면 에러 상태로 추정됨 | K16: 유지
A17: S003 | B17: =INDEX(메뉴구조!$B$5:$B$300,MATCH($A17,메뉴구조!$A$5:$A$300,0))&"" -> 회원가입 | C17: =INDEX(메뉴구조!$C$5:$C$300,MATCH($A17,메뉴구조!$A$5:$A$300,0))&"" -> 본인인증_정책 | D17: =INDEX(메뉴구조!$D$5:$D$300,MATCH($A17,메뉴구조!$A$5:$A$300,0))&"" -> — | E17: =INDEX(메뉴구조!$E$5:$E$300,MATCH($A17,메뉴구조!$A$5:$A$300,0))&"" -> — | F17: =INDEX(메뉴구조!$G$5:$G$300,MATCH($A17,메뉴구조!$A$5:$A$300,0))&"" -> 회원가입 / 본인인증_정책 | G17: 3 | H17: 실패 사유 및 재시도 안내 문구 | I17: - "본인인증 중 오류가 발생했습니다." / "잠시 후 다시 시도해 주세요." 2줄의 보조 설명 텍스트 - 구체적인 실패 사유(통신사 인증 실패, 타임아웃 등)를 구분하지 않고 공통 안내 문구만 노출되는 것으로 보임 - 사용자에게 즉시 재시도를 유도하는 문구 | K17: 유지
A18: S003 | B18: =INDEX(메뉴구조!$B$5:$B$300,MATCH($A18,메뉴구조!$A$5:$A$300,0))&"" -> 회원가입 | C18: =INDEX(메뉴구조!$C$5:$C$300,MATCH($A18,메뉴구조!$A$5:$A$300,0))&"" -> 본인인증_정책 | D18: =INDEX(메뉴구조!$D$5:$D$300,MATCH($A18,메뉴구조!$A$5:$A$300,0))&"" -> — | E18: =INDEX(메뉴구조!$E$5:$E$300,MATCH($A18,메뉴구조!$A$5:$A$300,0))&"" -> — | F18: =INDEX(메뉴구조!$G$5:$G$300,MATCH($A18,메뉴구조!$A$5:$A$300,0))&"" -> 회원가입 / 본인인증_정책 | G18: 4 | H18: 확인 버튼 | I18: - 화면 하단 고정된 짙은 남색 배경의 전체 폭 버튼 - 감지된 href/이동 대상 정보가 없어 정확한 이동 경로는 확정할 수 없음 - 일반적인 에러 화면의 '확인' 버튼 패턴을 고려하면, 탭 시 이전 본인인증 입력 화면(또는 회원가입 시작 화면)으로 돌아가 재시도할 수 있도록 하는 동작으로 추정됨 (확정 아님) - 별도 유효성검사 없이 단순 확인/닫기 액션으로 추정 | K18: 유지
A19: S005 | B19: =INDEX(메뉴구조!$B$5:$B$300,MATCH($A19,메뉴구조!$A$5:$A$300,0))&"" -> 회원가입 | C19: =INDEX(메뉴구조!$C$5:$C$300,MATCH($A19,메뉴구조!$A$5:$A$300,0))&"" -> 로그인설정 (생체) | D19: =INDEX(메뉴구조!$D$5:$D$300,MATCH($A19,메뉴구조!$A$5:$A$300,0))&"" -> — | E19: =INDEX(메뉴구조!$E$5:$E$300,MATCH($A19,메뉴구조!$A$5:$A$300,0))&"" -> — | F19: =INDEX(메뉴구조!$G$5:$G$300,MATCH($A19,메뉴구조!$A$5:$A$300,0))&"" -> 회원가입 / 로그인설정 (생체) | G19: 1 | H19: 간편 인증으로 로그인 설정 카드 | I19: - PIN 아이콘(****)과 '간편 인증으로 로그인' 텍스트가 표시된 선택형 카드 - 회원가입/로그인설정(생체) 화면 문맥상 간편 비밀번호(PIN) 또는 생체인증(지문·안면) 등록을 시작하는 진입 요소로 추정됨(화면에서 감지된 링크/버튼 목록이 제공되지 않아 실제 이동 대상은 스크린샷만으로 단정할 수 없음) - 탭 시 기기에 등록된 생체정보 인식 또는 PIN 입력 화면으로 이어지는 것으로 보이며, 설정 완료 후 하단 [확인] 버튼이 활성화될 가능성이 있음 - 카드가 선택/미선택 토글 형태인지, 탭 즉시 별도 화면으로 이동하는 링크형인지는 스크린샷만으로 확정할 수 없음 | J19: 약관 제5조④에 따르면 간편인증(PIN·생체인증) 설정을 위해서는 별도의 본인인증 완료 후 신규 기기 등록 절차가 필요할 수 있음 | K19: 유지
A20: S005 | B20: =INDEX(메뉴구조!$B$5:$B$300,MATCH($A20,메뉴구조!$A$5:$A$300,0))&"" -> 회원가입 | C20: =INDEX(메뉴구조!$C$5:$C$300,MATCH($A20,메뉴구조!$A$5:$A$300,0))&"" -> 로그인설정 (생체) | D20: =INDEX(메뉴구조!$D$5:$D$300,MATCH($A20,메뉴구조!$A$5:$A$300,0))&"" -> — | E20: =INDEX(메뉴구조!$E$5:$E$300,MATCH($A20,메뉴구조!$A$5:$A$300,0))&"" -> — | F20: =INDEX(메뉴구조!$G$5:$G$300,MATCH($A20,메뉴구조!$A$5:$A$300,0))&"" -> 회원가입 / 로그인설정 (생체) | G20: 2 | H20: 안내 타이틀 문구 | I20: - '로그인, 더 쉽게 할 수 있어요.' / '간편 로그인 방식을 설정해주세요.' 2줄 굵은 텍스트 - 화면의 목적(간편 로그인 방식 설정)을 안내하는 순수 정보성 텍스트로, 클릭 동작 없음 | K20: 유지
A21: S005 | B21: =INDEX(메뉴구조!$B$5:$B$300,MATCH($A21,메뉴구조!$A$5:$A$300,0))&"" -> 회원가입 | C21: =INDEX(메뉴구조!$C$5:$C$300,MATCH($A21,메뉴구조!$A$5:$A$300,0))&"" -> 로그인설정 (생체) | D21: =INDEX(메뉴구조!$D$5:$D$300,MATCH($A21,메뉴구조!$A$5:$A$300,0))&"" -> — | E21: =INDEX(메뉴구조!$E$5:$E$300,MATCH($A21,메뉴구조!$A$5:$A$300,0))&"" -> — | F21: =INDEX(메뉴구조!$G$5:$G$300,MATCH($A21,메뉴구조!$A$5:$A$300,0))&"" -> 회원가입 / 로그인설정 (생체) | G21: 3 | H21: 확인 버튼 | I21: - 화면 하단 우측에 위치한 주요 액션 버튼 - 탭 시 위에서 설정한 간편 인증(생체인증/PIN) 방식을 저장하고 다음 화면(가입 완료 또는 로그인 흐름)으로 진행하는 것으로 추정됨 - 간편 인증 카드가 아직 설정되지 않은 초기 상태에서는 비활성(회색) 상태일 수 있으며, 설정 완료 시 활성화되는 형태로 보임(실제 활성화 조건은 스크린샷만으로 단정 불가) - 필수 항목 미입력/미설정 시 탭해도 진행되지 않고 안내 메시지가 표시될 가능성 있음 | K21: 유지
A22: S005 | B22: =INDEX(메뉴구조!$B$5:$B$300,MATCH($A22,메뉴구조!$A$5:$A$300,0))&"" -> 회원가입 | C22: =INDEX(메뉴구조!$C$5:$C$300,MATCH($A22,메뉴구조!$A$5:$A$300,0))&"" -> 로그인설정 (생체) | D22: =INDEX(메뉴구조!$D$5:$D$300,MATCH($A22,메뉴구조!$A$5:$A$300,0))&"" -> — | E22: =INDEX(메뉴구조!$E$5:$E$300,MATCH($A22,메뉴구조!$A$5:$A$300,0))&"" -> — | F22: =INDEX(메뉴구조!$G$5:$G$300,MATCH($A22,메뉴구조!$A$5:$A$300,0))&"" -> 회원가입 / 로그인설정 (생체) | G22: 4 | H22: 취소 버튼 | I22: - 화면 하단 좌측에 위치한 보조 액션 버튼 - 탭 시 간편 로그인 방식 설정을 취소하고 이전 화면(가입 절차 또는 로그인 화면)으로 돌아가는 것으로 추정됨 - 별도의 확인 팝업 없이 즉시 취소 처리되는지는 스크린샷만으로 확인 불가 | K22: 유지
A23: S005 | B23: =INDEX(메뉴구조!$B$5:$B$300,MATCH($A23,메뉴구조!$A$5:$A$300,0))&"" -> 회원가입 | C23: =INDEX(메뉴구조!$C$5:$C$300,MATCH($A23,메뉴구조!$A$5:$A$300,0))&"" -> 로그인설정 (생체) | D23: =INDEX(메뉴구조!$D$5:$D$300,MATCH($A23,메뉴구조!$A$5:$A$300,0))&"" -> — | E23: =INDEX(메뉴구조!$E$5:$E$300,MATCH($A23,메뉴구조!$A$5:$A$300,0))&"" -> — | F23: =INDEX(메뉴구조!$G$5:$G$300,MATCH($A23,메뉴구조!$A$5:$A$300,0))&"" -> 회원가입 / 로그인설정 (생체) | G23: 5 | H23: 뒤로가기 버튼 | I23: - 좌상단 화살표(←) 아이콘 - 탭 시 직전 화면(회원가입 절차의 이전 단계)으로 돌아가는 내비게이션 버튼으로 추정됨 - 입력/선택 중이던 간편 인증 설정 내용은 저장되지 않고 소실될 가능성 있음 | K23: 유지
A24: S005 | B24: =INDEX(메뉴구조!$B$5:$B$300,MATCH($A24,메뉴구조!$A$5:$A$300,0))&"" -> 회원가입 | C24: =INDEX(메뉴구조!$C$5:$C$300,MATCH($A24,메뉴구조!$A$5:$A$300,0))&"" -> 로그인설정 (생체) | D24: =INDEX(메뉴구조!$D$5:$D$300,MATCH($A24,메뉴구조!$A$5:$A$300,0))&"" -> — | E24: =INDEX(메뉴구조!$E$5:$E$300,MATCH($A24,메뉴구조!$A$5:$A$300,0))&"" -> — | F24: =INDEX(메뉴구조!$G$5:$G$300,MATCH($A24,메뉴구조!$A$5:$A$300,0))&"" -> 회원가입 / 로그인설정 (생체) | G24: 6 | H24: 간편 로그인 방식 변경 안내 문구 | I24: - '※ 로그인 방식은 마이 > 설정에서 언제든 바꿀 수 있어요.' 회색 보조 텍스트 - 현재 설정한 간편 로그인 방식이 이후 마이페이지 내 설정 메뉴에서 변경 가능함을 안내하는 정보성 텍스트 - 클릭 동작이 있는 링크형 텍스트인지, 단순 안내 문구인지는 스크린샷만으로 단정할 수 없음(밑줄 등 링크 스타일 없음 기준 단순 텍스트로 추정) | J24: 로그인 방식(간편 비밀번호/생체인증)은 마이 > 설정 메뉴에서 언제든 재변경 가능함을 명시 | K24: 유지
A25: S006 | B25: =INDEX(메뉴구조!$B$5:$B$300,MATCH($A25,메뉴구조!$A$5:$A$300,0))&"" -> 회원가입 | C25: =INDEX(메뉴구조!$C$5:$C$300,MATCH($A25,메뉴구조!$A$5:$A$300,0))&"" -> 투자정보 입력 | D25: =INDEX(메뉴구조!$D$5:$D$300,MATCH($A25,메뉴구조!$A$5:$A$300,0))&"" -> — | E25: =INDEX(메뉴구조!$E$5:$E$300,MATCH($A25,메뉴구조!$A$5:$A$300,0))&"" -> — | F25: =INDEX(메뉴구조!$G$5:$G$300,MATCH($A25,메뉴구조!$A$5:$A$300,0))&"" -> 회원가입 / 투자정보 입력 | G25: 1 | H25: 다음 버튼 (하단 CTA) | I25: - 화면 하단에 고정된 전체 폭 버튼 - 탭 시 회원가입 다음 단계(또는 가입 완료 처리)로 이동하는 것으로 추정 — 이동 대상 href 정보가 감지되지 않아 정확한 목적지는 스크린샷만으로 단정할 수 없음 - 버튼 색상이 연한 회색으로 표시되어 있어, 자금출처 등 필수 항목(*) 미입력 상태에서는 비활성 처리되는 것으로 추정 - 필수 항목을 모두 입력해야 다음 단계 진행이 가능할 것으로 보임 | K25: 유지
A26: S006 | B26: =INDEX(메뉴구조!$B$5:$B$300,MATCH($A26,메뉴구조!$A$5:$A$300,0))&"" -> 회원가입 | C26: =INDEX(메뉴구조!$C$5:$C$300,MATCH($A26,메뉴구조!$A$5:$A$300,0))&"" -> 투자정보 입력 | D26: =INDEX(메뉴구조!$D$5:$D$300,MATCH($A26,메뉴구조!$A$5:$A$300,0))&"" -> — | E26: =INDEX(메뉴구조!$E$5:$E$300,MATCH($A26,메뉴구조!$A$5:$A$300,0))&"" -> — | F26: =INDEX(메뉴구조!$G$5:$G$300,MATCH($A26,메뉴구조!$A$5:$A$300,0))&"" -> 회원가입 / 투자정보 입력 | G26: 2 | H26: 자금출처 선택 드롭다운 | I26: - "선택해 주세요." 플레이스홀더가 표시된 필수 입력 항목(* 표시), 우측 화살표 아이콘으로 드롭다운/바텀시트 트리거임을 나타냄 - 탭 시 자금출처 선택 옵션(예: 근로소득, 사업소득, 재산소득 등)이 노출되는 선택 UI로 추정 — 구체적 옵션 목록은 스크린샷만으로 확인 불가 - 현재 값이 비어 있어 미입력 상태이며, 필수값이므로 선택하지 않으면 하단 [다음] 진행이 제한되는 것으로 추정 | J26: 회원가입 시 수집되는 투자정보 항목으로, 약관상 증권사 계좌 연동 및 투자자 성향 분석(제8조)과 연계되는 기초 정보로 추정됨 | K26: 유지
A27: S006 | B27: =INDEX(메뉴구조!$B$5:$B$300,MATCH($A27,메뉴구조!$A$5:$A$300,0))&"" -> 회원가입 | C27: =INDEX(메뉴구조!$C$5:$C$300,MATCH($A27,메뉴구조!$A$5:$A$300,0))&"" -> 투자정보 입력 | D27: =INDEX(메뉴구조!$D$5:$D$300,MATCH($A27,메뉴구조!$A$5:$A$300,0))&"" -> — | E27: =INDEX(메뉴구조!$E$5:$E$300,MATCH($A27,메뉴구조!$A$5:$A$300,0))&"" -> — | F27: =INDEX(메뉴구조!$G$5:$G$300,MATCH($A27,메뉴구조!$A$5:$A$300,0))&"" -> 회원가입 / 투자정보 입력 | G27: 3 | H27: 투자목적 입력/선택 필드 | I27: - "저축 및 투자" 값이 이미 채워져 있는 필수 항목(* 표시) - 자금출처와 동일한 박스 스타일로, 텍스트 직접입력형인지 별도 선택형(드롭다운/바텀시트)인지는 스크린샷만으로 단정 불가하며 선택형일 가능성이 있음(추정) - 필수 항목이므로 값이 비어 있으면 [다음] 진행이 제한될 것으로 추정 | K27: 유지
A28: S006 | B28: =INDEX(메뉴구조!$B$5:$B$300,MATCH($A28,메뉴구조!$A$5:$A$300,0))&"" -> 회원가입 | C28: =INDEX(메뉴구조!$C$5:$C$300,MATCH($A28,메뉴구조!$A$5:$A$300,0))&"" -> 투자정보 입력 | D28: =INDEX(메뉴구조!$D$5:$D$300,MATCH($A28,메뉴구조!$A$5:$A$300,0))&"" -> — | E28: =INDEX(메뉴구조!$E$5:$E$300,MATCH($A28,메뉴구조!$A$5:$A$300,0))&"" -> — | F28: =INDEX(메뉴구조!$G$5:$G$300,MATCH($A28,메뉴구조!$A$5:$A$300,0))&"" -> 회원가입 / 투자정보 입력 | G28: 4 | H28: 직업 입력/선택 필드 | I28: - "직장인(회사원)" 값이 이미 채워져 있는 필수 항목(* 표시) - 위 두 항목과 동일한 UI 스타일로, 선택형 필드로 추정되며 정확한 입력 방식은 스크린샷만으로 확인 불가 - 필수 항목이므로 값이 비어 있으면 [다음] 진행이 제한될 것으로 추정 | K28: 유지
A29: S006 | B29: =INDEX(메뉴구조!$B$5:$B$300,MATCH($A29,메뉴구조!$A$5:$A$300,0))&"" -> 회원가입 | C29: =INDEX(메뉴구조!$C$5:$C$300,MATCH($A29,메뉴구조!$A$5:$A$300,0))&"" -> 투자정보 입력 | D29: =INDEX(메뉴구조!$D$5:$D$300,MATCH($A29,메뉴구조!$A$5:$A$300,0))&"" -> — | E29: =INDEX(메뉴구조!$E$5:$E$300,MATCH($A29,메뉴구조!$A$5:$A$300,0))&"" -> — | F29: =INDEX(메뉴구조!$G$5:$G$300,MATCH($A29,메뉴구조!$A$5:$A$300,0))&"" -> 회원가입 / 투자정보 입력 | G29: 5 | H29: 화면 안내 타이틀 | I29: - "투자를 위한 기본정보를 입력해주세요." 문구로, 본 화면이 회원가입 절차 중 투자정보(자금출처·투자목적·직업) 입력 단계임을 안내 - 순수 텍스트 요소로 별도의 클릭 동작은 없는 것으로 추정 | K29: 유지
A30: S006 | B30: =INDEX(메뉴구조!$B$5:$B$300,MATCH($A30,메뉴구조!$A$5:$A$300,0))&"" -> 회원가입 | C30: =INDEX(메뉴구조!$C$5:$C$300,MATCH($A30,메뉴구조!$A$5:$A$300,0))&"" -> 투자정보 입력 | D30: =INDEX(메뉴구조!$D$5:$D$300,MATCH($A30,메뉴구조!$A$5:$A$300,0))&"" -> — | E30: =INDEX(메뉴구조!$E$5:$E$300,MATCH($A30,메뉴구조!$A$5:$A$300,0))&"" -> — | F30: =INDEX(메뉴구조!$G$5:$G$300,MATCH($A30,메뉴구조!$A$5:$A$300,0))&"" -> 회원가입 / 투자정보 입력 | G30: 6 | H30: 진행 단계 표시 (03/03) | I30: - 회원가입 정보 입력 절차의 총 3단계 중 마지막 단계(3/3)임을 나타내는 텍스트 - 상단의 진행 바가 전체 채워진 상태로 표시되어 마지막 입력 단계임을 시각적으로 안내 - 순수 표시 요소로 클릭 동작 없음 | K30: 유지
A31: S006 | B31: =INDEX(메뉴구조!$B$5:$B$300,MATCH($A31,메뉴구조!$A$5:$A$300,0))&"" -> 회원가입 | C31: =INDEX(메뉴구조!$C$5:$C$300,MATCH($A31,메뉴구조!$A$5:$A$300,0))&"" -> 투자정보 입력 | D31: =INDEX(메뉴구조!$D$5:$D$300,MATCH($A31,메뉴구조!$A$5:$A$300,0))&"" -> — | E31: =INDEX(메뉴구조!$E$5:$E$300,MATCH($A31,메뉴구조!$A$5:$A$300,0))&"" -> — | F31: =INDEX(메뉴구조!$G$5:$G$300,MATCH($A31,메뉴구조!$A$5:$A$300,0))&"" -> 회원가입 / 투자정보 입력 | G31: 7 | H31: 뒤로가기 아이콘 | I31: - 좌상단 화살표 아이콘 - 탭 시 이전 입력 단계(02/03)로 이동하는 것으로 추정 — 이동 대상 href 정보가 감지되지 않아 정확한 동작은 화면 흐름상 추정치임 - 이전 단계로 돌아갈 때 현재 입력값 유지 여부는 스크린샷만으로 확인 불가 | K31: 유지
A32: S007 | B32: =INDEX(메뉴구조!$B$5:$B$300,MATCH($A32,메뉴구조!$A$5:$A$300,0))&"" -> 회원가입 | C32: =INDEX(메뉴구조!$C$5:$C$300,MATCH($A32,메뉴구조!$A$5:$A$300,0))&"" -> 투자정보 입력 2 | D32: =INDEX(메뉴구조!$D$5:$D$300,MATCH($A32,메뉴구조!$A$5:$A$300,0))&"" -> — | E32: =INDEX(메뉴구조!$E$5:$E$300,MATCH($A32,메뉴구조!$A$5:$A$300,0))&"" -> — | F32: =INDEX(메뉴구조!$G$5:$G$300,MATCH($A32,메뉴구조!$A$5:$A$300,0))&"" -> 회원가입 / 투자정보 입력 2 | G32: 1 | H32: 뒤로가기 버튼 | I32: - 화면 좌측 상단의 화살표 아이콘 - 클릭 시 이전 단계(투자정보 입력 1)로 돌아감 - 입력 중이던 내용은 저장되지 않을 수 있음(별도 확인 팝업 여부는 미확인) | K32: 유지
A33: S007 | B33: =INDEX(메뉴구조!$B$5:$B$300,MATCH($A33,메뉴구조!$A$5:$A$300,0))&"" -> 회원가입 | C33: =INDEX(메뉴구조!$C$5:$C$300,MATCH($A33,메뉴구조!$A$5:$A$300,0))&"" -> 투자정보 입력 2 | D33: =INDEX(메뉴구조!$D$5:$D$300,MATCH($A33,메뉴구조!$A$5:$A$300,0))&"" -> — | E33: =INDEX(메뉴구조!$E$5:$E$300,MATCH($A33,메뉴구조!$A$5:$A$300,0))&"" -> — | F33: =INDEX(메뉴구조!$G$5:$G$300,MATCH($A33,메뉴구조!$A$5:$A$300,0))&"" -> 회원가입 / 투자정보 입력 2 | G33: 2 | H33: 진행 단계 표시 (03/03) | I33: - 회원가입 내 투자정보 입력 절차의 마지막 단계(3단계 중 3단계)임을 나타내는 텍스트 및 진행 바 - 사용자 조작 요소 아님, 단순 안내용 UI | K33: 유지
A34: S007 | B34: =INDEX(메뉴구조!$B$5:$B$300,MATCH($A34,메뉴구조!$A$5:$A$300,0))&"" -> 회원가입 | C34: =INDEX(메뉴구조!$C$5:$C$300,MATCH($A34,메뉴구조!$A$5:$A$300,0))&"" -> 투자정보 입력 2 | D34: =INDEX(메뉴구조!$D$5:$D$300,MATCH($A34,메뉴구조!$A$5:$A$300,0))&"" -> — | E34: =INDEX(메뉴구조!$E$5:$E$300,MATCH($A34,메뉴구조!$A$5:$A$300,0))&"" -> — | F34: =INDEX(메뉴구조!$G$5:$G$300,MATCH($A34,메뉴구조!$A$5:$A$300,0))&"" -> 회원가입 / 투자정보 입력 2 | G34: 3 | H34: 화면 타이틀 | I34: - "투자를 위한 기본정보를 입력해주세요." 안내 문구 - 본 화면이 투자 목적의 기본정보(주소, 국적, 자금출처, 투자목적, 직업)를 수집하는 단계임을 명시 | K34: 유지
A35: S007 | B35: =INDEX(메뉴구조!$B$5:$B$300,MATCH($A35,메뉴구조!$A$5:$A$300,0))&"" -> 회원가입 | C35: =INDEX(메뉴구조!$C$5:$C$300,MATCH($A35,메뉴구조!$A$5:$A$300,0))&"" -> 투자정보 입력 2 | D35: =INDEX(메뉴구조!$D$5:$D$300,MATCH($A35,메뉴구조!$A$5:$A$300,0))&"" -> — | E35: =INDEX(메뉴구조!$E$5:$E$300,MATCH($A35,메뉴구조!$A$5:$A$300,0))&"" -> — | F35: =INDEX(메뉴구조!$G$5:$G$300,MATCH($A35,메뉴구조!$A$5:$A$300,0))&"" -> 회원가입 / 투자정보 입력 2 | G35: 4 | H35: 주소검색 버튼 | I35: - '자택 주소' 라벨 옆에 위치한 보조 버튼 - 클릭 시 우편번호/주소 검색 레이어(다음/카카오 우편번호 서비스 등으로 추정)가 열려 주소를 검색·선택할 수 있음 - 선택 시 하단 주소 표시 필드에 우편번호 및 도로명주소가 자동 입력되는 것으로 추정 - 필수 입력 항목으로 보이며 미입력 시 하단 '확인' 버튼 제출이 제한될 수 있음(추정) | K35: 유지
A36: S007 | B36: =INDEX(메뉴구조!$B$5:$B$300,MATCH($A36,메뉴구조!$A$5:$A$300,0))&"" -> 회원가입 | C36: =INDEX(메뉴구조!$C$5:$C$300,MATCH($A36,메뉴구조!$A$5:$A$300,0))&"" -> 투자정보 입력 2 | D36: =INDEX(메뉴구조!$D$5:$D$300,MATCH($A36,메뉴구조!$A$5:$A$300,0))&"" -> — | E36: =INDEX(메뉴구조!$E$5:$E$300,MATCH($A36,메뉴구조!$A$5:$A$300,0))&"" -> — | F36: =INDEX(메뉴구조!$G$5:$G$300,MATCH($A36,메뉴구조!$A$5:$A$300,0))&"" -> 회원가입 / 투자정보 입력 2 | G36: 5 | H36: 자택 주소 표시 필드 | I36: - 주소검색을 통해 선택된 우편번호 및 도로명주소를 표시하는 읽기전용(비활성) 입력창으로 보임 - 예시: "[07326] 서울 영등포구 국제금융로 10" - 직접 타이핑이 아닌 주소검색 버튼을 통해서만 값이 채워지는 구조로 추정 | K36: 유지
A37: S007 | B37: =INDEX(메뉴구조!$B$5:$B$300,MATCH($A37,메뉴구조!$A$5:$A$300,0))&"" -> 회원가입 | C37: =INDEX(메뉴구조!$C$5:$C$300,MATCH($A37,메뉴구조!$A$5:$A$300,0))&"" -> 투자정보 입력 2 | D37: =INDEX(메뉴구조!$D$5:$D$300,MATCH($A37,메뉴구조!$A$5:$A$300,0))&"" -> — | E37: =INDEX(메뉴구조!$E$5:$E$300,MATCH($A37,메뉴구조!$A$5:$A$300,0))&"" -> — | F37: =INDEX(메뉴구조!$G$5:$G$300,MATCH($A37,메뉴구조!$A$5:$A$300,0))&"" -> 회원가입 / 투자정보 입력 2 | G37: 6 | H37: 상세주소 입력창 | I37: - 도로명주소 하단의 상세주소(건물명, 동/호수 등) 입력 필드 - 현재 "여의"라는 텍스트가 입력 중인 상태로 캡처됨 - 자유 텍스트 입력, 최대 글자수 등 유효성 제약은 화면상 확인 불가 | K37: 유지
A38: S007 | B38: =INDEX(메뉴구조!$B$5:$B$300,MATCH($A38,메뉴구조!$A$5:$A$300,0))&"" -> 회원가입 | C38: =INDEX(메뉴구조!$C$5:$C$300,MATCH($A38,메뉴구조!$A$5:$A$300,0))&"" -> 투자정보 입력 2 | D38: =INDEX(메뉴구조!$D$5:$D$300,MATCH($A38,메뉴구조!$A$5:$A$300,0))&"" -> — | E38: =INDEX(메뉴구조!$E$5:$E$300,MATCH($A38,메뉴구조!$A$5:$A$300,0))&"" -> — | F38: =INDEX(메뉴구조!$G$5:$G$300,MATCH($A38,메뉴구조!$A$5:$A$300,0))&"" -> 회원가입 / 투자정보 입력 2 | G38: 7 | H38: 국적 선택 필드 (필수) | I38: - 라벨 '국적' 옆 빨간 별표(*)로 필수 입력 항목임을 표시 - 현재 값 "내국인 (대한민국)"으로 기본 선택되어 있음 - 클릭 시 국적 선택 목록(내국인/외국인 등)이 열리는 선택형(select) 필드로 추정 - 약관상 만 19세 이상 국내 회원만 이용 가능하다는 가입 자격과 연계된 항목으로 추정 | J38: 만 19세 이상 국내 회원만 서비스 이용이 가능하며, 타인 정보 도용이나 허위 정보 제출 시 가입 거부 또는 이용계약 취소 대상이 될 수 있음(참고 약관 제4조) | K38: 유지
A39: S007 | B39: =INDEX(메뉴구조!$B$5:$B$300,MATCH($A39,메뉴구조!$A$5:$A$300,0))&"" -> 회원가입 | C39: =INDEX(메뉴구조!$C$5:$C$300,MATCH($A39,메뉴구조!$A$5:$A$300,0))&"" -> 투자정보 입력 2 | D39: =INDEX(메뉴구조!$D$5:$D$300,MATCH($A39,메뉴구조!$A$5:$A$300,0))&"" -> — | E39: =INDEX(메뉴구조!$E$5:$E$300,MATCH($A39,메뉴구조!$A$5:$A$300,0))&"" -> — | F39: =INDEX(메뉴구조!$G$5:$G$300,MATCH($A39,메뉴구조!$A$5:$A$300,0))&"" -> 회원가입 / 투자정보 입력 2 | G39: 8 | H39: 자금출처 선택 필드 (필수) | I39: - 라벨 '자금출처' 옆 빨간 별표(*)로 필수 입력 항목임을 표시 - 현재 값 "근로소득(급여)"으로 기본 선택되어 있음 - 클릭 시 자금출처 선택 목록(근로소득, 사업소득, 금융소득 등)이 열리는 선택형 필드로 추정 - 자본시장법상 투자자 정보 확인 절차의 일부로 보이며, 이후 투자자 성향 분석 및 소득적격회원 심사와 연계될 가능성 있음(추정) | K39: 유지
A40: S007 | B40: =INDEX(메뉴구조!$B$5:$B$300,MATCH($A40,메뉴구조!$A$5:$A$300,0))&"" -> 회원가입 | C40: =INDEX(메뉴구조!$C$5:$C$300,MATCH($A40,메뉴구조!$A$5:$A$300,0))&"" -> 투자정보 입력 2 | D40: =INDEX(메뉴구조!$D$5:$D$300,MATCH($A40,메뉴구조!$A$5:$A$300,0))&"" -> — | E40: =INDEX(메뉴구조!$E$5:$E$300,MATCH($A40,메뉴구조!$A$5:$A$300,0))&"" -> — | F40: =INDEX(메뉴구조!$G$5:$G$300,MATCH($A40,메뉴구조!$A$5:$A$300,0))&"" -> 회원가입 / 투자정보 입력 2 | G40: 9 | H40: 투자목적 선택 필드 (필수) | I40: - 라벨 '투자목적' 옆 빨간 별표(*)로 필수 입력 항목임을 표시 - 현재 값 "저축 및 투자"로 기본 선택되어 있음 - 클릭 시 투자목적 선택 목록이 열리는 선택형 필드로 추정 | K40: 유지
A41: S007 | B41: =INDEX(메뉴구조!$B$5:$B$300,MATCH($A41,메뉴구조!$A$5:$A$300,0))&"" -> 회원가입 | C41: =INDEX(메뉴구조!$C$5:$C$300,MATCH($A41,메뉴구조!$A$5:$A$300,0))&"" -> 투자정보 입력 2 | D41: =INDEX(메뉴구조!$D$5:$D$300,MATCH($A41,메뉴구조!$A$5:$A$300,0))&"" -> — | E41: =INDEX(메뉴구조!$E$5:$E$300,MATCH($A41,메뉴구조!$A$5:$A$300,0))&"" -> — | F41: =INDEX(메뉴구조!$G$5:$G$300,MATCH($A41,메뉴구조!$A$5:$A$300,0))&"" -> 회원가입 / 투자정보 입력 2 | G41: 10 | H41: 직업 선택 필드 (필수) | I41: - 라벨 '직업' 옆 빨간 별표(*)로 필수 입력 항목임을 표시 - 현재 값 "직장인(회사원)"으로 기본 선택되어 있음 - 클릭 시 직업 선택 목록이 열리는 선택형 필드로 추정 | K41: 유지
A42: S007 | B42: =INDEX(메뉴구조!$B$5:$B$300,MATCH($A42,메뉴구조!$A$5:$A$300,0))&"" -> 회원가입 | C42: =INDEX(메뉴구조!$C$5:$C$300,MATCH($A42,메뉴구조!$A$5:$A$300,0))&"" -> 투자정보 입력 2 | D42: =INDEX(메뉴구조!$D$5:$D$300,MATCH($A42,메뉴구조!$A$5:$A$300,0))&"" -> — | E42: =INDEX(메뉴구조!$E$5:$E$300,MATCH($A42,메뉴구조!$A$5:$A$300,0))&"" -> — | F42: =INDEX(메뉴구조!$G$5:$G$300,MATCH($A42,메뉴구조!$A$5:$A$300,0))&"" -> 회원가입 / 투자정보 입력 2 | G42: 11 | H42: 확인 버튼 | I42: - 화면 하단 전체 폭의 진한 남색 버튼, 텍스트 "확인" - 클릭 시 입력된 기본정보(주소, 국적, 자금출처, 투자목적, 직업)를 제출하고 다음 단계(회원가입 완료 또는 본인인증 등)로 이동하는 것으로 추정 - 필수 항목(국적, 자금출처, 투자목적, 직업 및 주소)이 모두 입력되지 않으면 비활성화되거나 제출 시 오류 안내가 표시될 것으로 추정 - 진행 단계 표시가 03/03이므로 이 단계가 투자정보 입력의 마지막이며, 제출 후 회원가입 절차가 완료되거나 다음 절차(계좌 연동 등)로 넘어갈 가능성이 있음(추정) | K42: 유지
A43: S008 | B43: =INDEX(메뉴구조!$B$5:$B$300,MATCH($A43,메뉴구조!$A$5:$A$300,0))&"" -> 회원가입 | C43: =INDEX(메뉴구조!$C$5:$C$300,MATCH($A43,메뉴구조!$A$5:$A$300,0))&"" -> 가입완료 | D43: =INDEX(메뉴구조!$D$5:$D$300,MATCH($A43,메뉴구조!$A$5:$A$300,0))&"" -> — | E43: =INDEX(메뉴구조!$E$5:$E$300,MATCH($A43,메뉴구조!$A$5:$A$300,0))&"" -> — | F43: =INDEX(메뉴구조!$G$5:$G$300,MATCH($A43,메뉴구조!$A$5:$A$300,0))&"" -> 회원가입 / 가입완료 | G43: 1 | H43: 뒤로가기 버튼 | I43: - 좌측 상단 화살표 아이콘 - 탭 시 이전 화면(가입 절차 마지막 단계 또는 진입 이전 화면)으로 이동 - 감지된 href 정보 없음 — 스크린샷상 형태로 추정한 내용이며 실제 이동 대상은 별도 확인 필요 | K43: 유지
A44: S008 | B44: =INDEX(메뉴구조!$B$5:$B$300,MATCH($A44,메뉴구조!$A$5:$A$300,0))&"" -> 회원가입 | C44: =INDEX(메뉴구조!$C$5:$C$300,MATCH($A44,메뉴구조!$A$5:$A$300,0))&"" -> 가입완료 | D44: =INDEX(메뉴구조!$D$5:$D$300,MATCH($A44,메뉴구조!$A$5:$A$300,0))&"" -> — | E44: =INDEX(메뉴구조!$E$5:$E$300,MATCH($A44,메뉴구조!$A$5:$A$300,0))&"" -> — | F44: =INDEX(메뉴구조!$G$5:$G$300,MATCH($A44,메뉴구조!$A$5:$A$300,0))&"" -> 회원가입 / 가입완료 | G44: 2 | H44: 가입 완료 체크 아이콘 | I44: - 원형 배경 안에 체크 표시가 있는 완료 상태 아이콘 - 별도의 클릭 동작은 없는 순수 시각 요소로 추정됨(스크린샷만으로 추정, 단정 불가) - 회원가입 절차가 정상적으로 완료되었음을 시각적으로 알림 | K44: 유지
A45: S008 | B45: =INDEX(메뉴구조!$B$5:$B$300,MATCH($A45,메뉴구조!$A$5:$A$300,0))&"" -> 회원가입 | C45: =INDEX(메뉴구조!$C$5:$C$300,MATCH($A45,메뉴구조!$A$5:$A$300,0))&"" -> 가입완료 | D45: =INDEX(메뉴구조!$D$5:$D$300,MATCH($A45,메뉴구조!$A$5:$A$300,0))&"" -> — | E45: =INDEX(메뉴구조!$E$5:$E$300,MATCH($A45,메뉴구조!$A$5:$A$300,0))&"" -> — | F45: =INDEX(메뉴구조!$G$5:$G$300,MATCH($A45,메뉴구조!$A$5:$A$300,0))&"" -> 회원가입 / 가입완료 | G45: 3 | H45: 가입 완료 타이틀 | I45: - "가입 완료!" 굵은 텍스트 헤드라인 - 순수 텍스트 요소로 클릭 동작 없음(스크린샷 기준 추정) | K45: 유지
A46: S008 | B46: =INDEX(메뉴구조!$B$5:$B$300,MATCH($A46,메뉴구조!$A$5:$A$300,0))&"" -> 회원가입 | C46: =INDEX(메뉴구조!$C$5:$C$300,MATCH($A46,메뉴구조!$A$5:$A$300,0))&"" -> 가입완료 | D46: =INDEX(메뉴구조!$D$5:$D$300,MATCH($A46,메뉴구조!$A$5:$A$300,0))&"" -> — | E46: =INDEX(메뉴구조!$E$5:$E$300,MATCH($A46,메뉴구조!$A$5:$A$300,0))&"" -> — | F46: =INDEX(메뉴구조!$G$5:$G$300,MATCH($A46,메뉴구조!$A$5:$A$300,0))&"" -> 회원가입 / 가입완료 | G46: 4 | H46: 가입 완료 서브 문구 | I46: - "이제 투자할 준비가 됐어요." 안내 문구 - 순수 텍스트 요소로 클릭 동작 없음(스크린샷 기준 추정) - 다만 약관상 실제 거래(구매·판매)가 가능하려면 증권사 계좌 연동 및 투자자 성향 분석 완료가 추가로 필요함 | J46: 회원가입만으로는 거래가 불가능하며, 증권사 계좌 연결과 투자자 성향 분석을 완료해야 구매·판매 거래가 가능합니다(제4조, 제6조, 제8조). | K46: 유지
A47: S008 | B47: =INDEX(메뉴구조!$B$5:$B$300,MATCH($A47,메뉴구조!$A$5:$A$300,0))&"" -> 회원가입 | C47: =INDEX(메뉴구조!$C$5:$C$300,MATCH($A47,메뉴구조!$A$5:$A$300,0))&"" -> 가입완료 | D47: =INDEX(메뉴구조!$D$5:$D$300,MATCH($A47,메뉴구조!$A$5:$A$300,0))&"" -> — | E47: =INDEX(메뉴구조!$E$5:$E$300,MATCH($A47,메뉴구조!$A$5:$A$300,0))&"" -> — | F47: =INDEX(메뉴구조!$G$5:$G$300,MATCH($A47,메뉴구조!$A$5:$A$300,0))&"" -> 회원가입 / 가입완료 | G47: 5 | H47: 투자 스타일 안내 카드 - 제목 | I47: - "나에게 맞는 투자 스타일, 미리 알아볼까요?" 안내 카드 상단 텍스트 - 하단 일러스트 및 CTA 행과 함께 하나의 안내 카드를 구성 - 순수 텍스트 요소로 그 자체는 클릭 동작이 없는 것으로 추정(스크린샷 기준) | K47: 유지
A48: S008 | B48: =INDEX(메뉴구조!$B$5:$B$300,MATCH($A48,메뉴구조!$A$5:$A$300,0))&"" -> 회원가입 | C48: =INDEX(메뉴구조!$C$5:$C$300,MATCH($A48,메뉴구조!$A$5:$A$300,0))&"" -> 가입완료 | D48: =INDEX(메뉴구조!$D$5:$D$300,MATCH($A48,메뉴구조!$A$5:$A$300,0))&"" -> — | E48: =INDEX(메뉴구조!$E$5:$E$300,MATCH($A48,메뉴구조!$A$5:$A$300,0))&"" -> — | F48: =INDEX(메뉴구조!$G$5:$G$300,MATCH($A48,메뉴구조!$A$5:$A$300,0))&"" -> 회원가입 / 가입완료 | G48: 6 | H48: 투자 스타일 일러스트 이미지 | I48: - 차트·동전·저금통 등을 형상화한 3D 일러스트 이미지 - 장식용 이미지로 추정되며 클릭 동작은 없을 것으로 보임(스크린샷만으로 추정, 단정 불가) | K48: 유지
A49: S008 | B49: =INDEX(메뉴구조!$B$5:$B$300,MATCH($A49,메뉴구조!$A$5:$A$300,0))&"" -> 회원가입 | C49: =INDEX(메뉴구조!$C$5:$C$300,MATCH($A49,메뉴구조!$A$5:$A$300,0))&"" -> 가입완료 | D49: =INDEX(메뉴구조!$D$5:$D$300,MATCH($A49,메뉴구조!$A$5:$A$300,0))&"" -> — | E49: =INDEX(메뉴구조!$E$5:$E$300,MATCH($A49,메뉴구조!$A$5:$A$300,0))&"" -> — | F49: =INDEX(메뉴구조!$G$5:$G$300,MATCH($A49,메뉴구조!$A$5:$A$300,0))&"" -> 회원가입 / 가입완료 | G49: 7 | H49: 지금 성향을 확인해볼까요? (투자자 성향 분석 진입 버튼) | I49: - "지금 성향을 확인해볼까요?" 텍스트와 "거래를 위해 꼭! 한번은 확인해야해요." 안내 문구, 우측 원형 화살표(>) 버튼으로 구성된 카드형 CTA - 감지된 href 정보는 없으나, 문구와 화면 흐름(가입완료 직후 유도) 및 서비스 정책상 투자자 성향 분석 화면으로 이동하는 버튼으로 추정됨(단정 불가, 실제 이동 대상 확인 필요) - 탭 시 투자자 성향 분석(설문) 절차로 진입할 것으로 예상 - 성향 분석을 완료하지 않으면 이후 거래(구매·판매) 기능 이용이 제한됨 | J49: 거래를 시작하기 전 투자자 성향 분석을 완료해야 하며, 완료하지 않으면 거래 기능을 이용할 수 없습니다. 성향 분석은 2년마다 재실시해야 하며, 기간 내 미실시 시 거래 서비스 이용이 일시 제한될 수 있습니다(제8조). | K49: 유지
A50: S008 | B50: =INDEX(메뉴구조!$B$5:$B$300,MATCH($A50,메뉴구조!$A$5:$A$300,0))&"" -> 회원가입 | C50: =INDEX(메뉴구조!$C$5:$C$300,MATCH($A50,메뉴구조!$A$5:$A$300,0))&"" -> 가입완료 | D50: =INDEX(메뉴구조!$D$5:$D$300,MATCH($A50,메뉴구조!$A$5:$A$300,0))&"" -> — | E50: =INDEX(메뉴구조!$E$5:$E$300,MATCH($A50,메뉴구조!$A$5:$A$300,0))&"" -> — | F50: =INDEX(메뉴구조!$G$5:$G$300,MATCH($A50,메뉴구조!$A$5:$A$300,0))&"" -> 회원가입 / 가입완료 | G50: 8 | H50: 간편 로그인 설정 버튼 | I50: - 하단 첫 번째 강조(진한 남색 배경) 버튼, 텍스트 "간편 로그인 설정" - 감지된 href 정보 없음 — 문구상 간편 비밀번호(PIN) 또는 생체인증(지문·안면) 설정 화면으로 이동하는 버튼으로 추정됨(스크린샷 기준 추정, 단정 불가) - 설정 완료 시 다음 로그인부터 PIN 또는 생체인증으로 간편하게 로그인 가능 | J50: 간편 비밀번호(PIN)는 서비스 이용 및 거래 승인을 위해 회원이 직접 설정하는 6자리 숫자이며, 생체인증은 기기에 등록된 지문·안면 정보를 활용한 로그인 방식입니다. 로그인은 1개 기기에서만 가능하며, 다른 기기에서 로그인하면 기존 기기의 로그인은 자동 해제됩니다(제5조). | K50: 유지
A51: S008 | B51: =INDEX(메뉴구조!$B$5:$B$300,MATCH($A51,메뉴구조!$A$5:$A$300,0))&"" -> 회원가입 | C51: =INDEX(메뉴구조!$C$5:$C$300,MATCH($A51,메뉴구조!$A$5:$A$300,0))&"" -> 가입완료 | D51: =INDEX(메뉴구조!$D$5:$D$300,MATCH($A51,메뉴구조!$A$5:$A$300,0))&"" -> — | E51: =INDEX(메뉴구조!$E$5:$E$300,MATCH($A51,메뉴구조!$A$5:$A$300,0))&"" -> — | F51: =INDEX(메뉴구조!$G$5:$G$300,MATCH($A51,메뉴구조!$A$5:$A$300,0))&"" -> 회원가입 / 가입완료 | G51: 9 | H51: 홈으로 이동 버튼 | I51: - 하단 두 번째 버튼(흰 배경, 테두리), 텍스트 "홈으로 이동" - 감지된 href 정보 없음 — 문구상 앱의 홈(메인) 화면으로 이동하는 버튼으로 추정됨(스크린샷 기준 추정, 단정 불가) - 간편 로그인 설정을 건너뛰고 바로 서비스 메인 화면으로 진입하는 용도로 보임 | K51: 유지
A52: S009 | B52: =INDEX(메뉴구조!$B$5:$B$300,MATCH($A52,메뉴구조!$A$5:$A$300,0))&"" -> 회원가입 | C52: =INDEX(메뉴구조!$C$5:$C$300,MATCH($A52,메뉴구조!$A$5:$A$300,0))&"" -> 로그인설정 (생체) | D52: =INDEX(메뉴구조!$D$5:$D$300,MATCH($A52,메뉴구조!$A$5:$A$300,0))&"" -> — | E52: =INDEX(메뉴구조!$E$5:$E$300,MATCH($A52,메뉴구조!$A$5:$A$300,0))&"" -> — | F52: =INDEX(메뉴구조!$G$5:$G$300,MATCH($A52,메뉴구조!$A$5:$A$300,0))&"" -> 회원가입 / 로그인설정 (생체) | G52: 1 | H52: 뒤로가기 | I52: - 좌상단 화살표 아이콘 버튼 - 탭 시 이전 화면(직전 가입 단계)으로 돌아감 - 화면에서 감지된 링크/버튼 목록에 해당 요소가 없어 실제 이동 대상은 스크린샷상 추정이며 단정할 수 없음 | K52: 유지
A53: S009 | B53: =INDEX(메뉴구조!$B$5:$B$300,MATCH($A53,메뉴구조!$A$5:$A$300,0))&"" -> 회원가입 | C53: =INDEX(메뉴구조!$C$5:$C$300,MATCH($A53,메뉴구조!$A$5:$A$300,0))&"" -> 로그인설정 (생체) | D53: =INDEX(메뉴구조!$D$5:$D$300,MATCH($A53,메뉴구조!$A$5:$A$300,0))&"" -> — | E53: =INDEX(메뉴구조!$E$5:$E$300,MATCH($A53,메뉴구조!$A$5:$A$300,0))&"" -> — | F53: =INDEX(메뉴구조!$G$5:$G$300,MATCH($A53,메뉴구조!$A$5:$A$300,0))&"" -> 회원가입 / 로그인설정 (생체) | G53: 2 | H53: 간편 로그인 설정 안내 타이틀 | I53: - "로그인, 더 쉽게 할 수 있어요. 간편 로그인 방식을 설정해주세요." 문구 - 회원가입 절차 중 로그인 방식(간편 인증) 설정을 유도하는 안내 텍스트 - 별도의 클릭/입력 동작 없는 정보성 텍스트 | K53: 유지
A54: S009 | B54: =INDEX(메뉴구조!$B$5:$B$300,MATCH($A54,메뉴구조!$A$5:$A$300,0))&"" -> 회원가입 | C54: =INDEX(메뉴구조!$C$5:$C$300,MATCH($A54,메뉴구조!$A$5:$A$300,0))&"" -> 로그인설정 (생체) | D54: =INDEX(메뉴구조!$D$5:$D$300,MATCH($A54,메뉴구조!$A$5:$A$300,0))&"" -> — | E54: =INDEX(메뉴구조!$E$5:$E$300,MATCH($A54,메뉴구조!$A$5:$A$300,0))&"" -> — | F54: =INDEX(메뉴구조!$G$5:$G$300,MATCH($A54,메뉴구조!$A$5:$A$300,0))&"" -> 회원가입 / 로그인설정 (생체) | G54: 3 | H54: 간편 인증으로 로그인 선택 박스 | I54: - 좌측에 잠금/인증 아이콘(****)과 "간편 인증으로 로그인" 라벨이 있는 선택형 박스(현재 진한 테두리로 선택된 상태로 보임) - 탭 시 간편 비밀번호(PIN) 또는 생체인증(지문·안면) 등 간편 인증 수단 등록 절차로 진입할 것으로 추정됨 - 화면에서 감지된 링크/버튼 목록에 해당 요소가 없어 실제 이동 대상(href)은 확인되지 않으며 스크린샷 기반 추정임 - 자본시장법 제5조에 따르면 로그인 방식은 아이디/비밀번호, 간편 비밀번호(PIN), 생체인증 3가지로 구분됨 — 이 화면은 그중 간편 인증 방식 설정 단계로 보임 | K54: 유지
A55: S009 | B55: =INDEX(메뉴구조!$B$5:$B$300,MATCH($A55,메뉴구조!$A$5:$A$300,0))&"" -> 회원가입 | C55: =INDEX(메뉴구조!$C$5:$C$300,MATCH($A55,메뉴구조!$A$5:$A$300,0))&"" -> 로그인설정 (생체) | D55: =INDEX(메뉴구조!$D$5:$D$300,MATCH($A55,메뉴구조!$A$5:$A$300,0))&"" -> — | E55: =INDEX(메뉴구조!$E$5:$E$300,MATCH($A55,메뉴구조!$A$5:$A$300,0))&"" -> — | F55: =INDEX(메뉴구조!$G$5:$G$300,MATCH($A55,메뉴구조!$A$5:$A$300,0))&"" -> 회원가입 / 로그인설정 (생체) | G55: 4 | H55: 로그인 방식 변경 안내 문구 | I55: - "※ 로그인 방식은 마이 > 설정에서 언제든 바꿀 수 있어요." 안내 텍스트 - 별도 클릭 동작 없는 정책 고지성 문구로 추정됨(밑줄·색상 등 링크 스타일 미확인) - 감지된 링크 목록에 없어 실제로 탭 가능한 요소인지는 단정할 수 없음 | J55: 로그인 방식은 가입 이후에도 마이페이지 > 설정 메뉴에서 언제든지 변경 가능함을 고지 | K55: 유지
A56: S009 | B56: =INDEX(메뉴구조!$B$5:$B$300,MATCH($A56,메뉴구조!$A$5:$A$300,0))&"" -> 회원가입 | C56: =INDEX(메뉴구조!$C$5:$C$300,MATCH($A56,메뉴구조!$A$5:$A$300,0))&"" -> 로그인설정 (생체) | D56: =INDEX(메뉴구조!$D$5:$D$300,MATCH($A56,메뉴구조!$A$5:$A$300,0))&"" -> — | E56: =INDEX(메뉴구조!$E$5:$E$300,MATCH($A56,메뉴구조!$A$5:$A$300,0))&"" -> — | F56: =INDEX(메뉴구조!$G$5:$G$300,MATCH($A56,메뉴구조!$A$5:$A$300,0))&"" -> 회원가입 / 로그인설정 (생체) | G56: 5 | H56: 취소 버튼 | I56: - 하단 좌측 보조 버튼(흰 배경) - 탭 시 간편 로그인 설정을 건너뛰고 이전 화면 또는 다음 가입 단계로 이동할 것으로 추정(스크린샷만으로 정확한 이동 대상 단정 불가) - 감지된 링크/버튼 목록에 항목이 없어 실제 동작은 확인되지 않음 | K56: 유지
A57: S009 | B57: =INDEX(메뉴구조!$B$5:$B$300,MATCH($A57,메뉴구조!$A$5:$A$300,0))&"" -> 회원가입 | C57: =INDEX(메뉴구조!$C$5:$C$300,MATCH($A57,메뉴구조!$A$5:$A$300,0))&"" -> 로그인설정 (생체) | D57: =INDEX(메뉴구조!$D$5:$D$300,MATCH($A57,메뉴구조!$A$5:$A$300,0))&"" -> — | E57: =INDEX(메뉴구조!$E$5:$E$300,MATCH($A57,메뉴구조!$A$5:$A$300,0))&"" -> — | F57: =INDEX(메뉴구조!$G$5:$G$300,MATCH($A57,메뉴구조!$A$5:$A$300,0))&"" -> 회원가입 / 로그인설정 (생체) | G57: 6 | H57: 확인 버튼 | I57: - 하단 우측 메인 액션 버튼(진한 남색 배경, 강조) - 선택된 간편 인증 방식으로 로그인 설정을 확정하고 다음 단계(예: PIN 등록 또는 생체인증 등록, 혹은 가입 완료)로 진행하는 액션으로 추정됨 - 감지된 링크/버튼 목록에 항목이 없어 실제 이동 대상(href)은 확인되지 않으며 스크린샷 기반 추정임 - 유효성검사: 상단의 간편 인증 옵션이 선택되지 않은 상태에서 탭 시 선택을 요구하는 안내가 표시될 가능성이 있음(화면상 확인 불가) | K57: 유지
A58: S010 | B58: =INDEX(메뉴구조!$B$5:$B$300,MATCH($A58,메뉴구조!$A$5:$A$300,0))&"" -> 로그인 | C58: =INDEX(메뉴구조!$C$5:$C$300,MATCH($A58,메뉴구조!$A$5:$A$300,0))&"" -> 로그인 | D58: =INDEX(메뉴구조!$D$5:$D$300,MATCH($A58,메뉴구조!$A$5:$A$300,0))&"" -> — | E58: =INDEX(메뉴구조!$E$5:$E$300,MATCH($A58,메뉴구조!$A$5:$A$300,0))&"" -> — | F58: =INDEX(메뉴구조!$G$5:$G$300,MATCH($A58,메뉴구조!$A$5:$A$300,0))&"" -> 로그인 / 로그인 | G58: 1 | H58: 안내 타이틀 | I58: "로그인하면 / 더 많은 기능을 이용할 수 있어요." 2줄 안내 문구 - 비로그인 상태로도 종목·가게 탐색, 공시, 공지 열람 등은 가능하지만 주문·찜·보유·알림·MY 등 개인화 기능은 로그인 후에만 쓸 수 있음을 안내한다 | K58: 유지
A59: S010 | B59: =INDEX(메뉴구조!$B$5:$B$300,MATCH($A59,메뉴구조!$A$5:$A$300,0))&"" -> 로그인 | C59: =INDEX(메뉴구조!$C$5:$C$300,MATCH($A59,메뉴구조!$A$5:$A$300,0))&"" -> 로그인 | D59: =INDEX(메뉴구조!$D$5:$D$300,MATCH($A59,메뉴구조!$A$5:$A$300,0))&"" -> — | E59: =INDEX(메뉴구조!$E$5:$E$300,MATCH($A59,메뉴구조!$A$5:$A$300,0))&"" -> — | F59: =INDEX(메뉴구조!$G$5:$G$300,MATCH($A59,메뉴구조!$A$5:$A$300,0))&"" -> 로그인 / 로그인 | G59: 2 | H59: 아이디 입력 | I59: - 텍스트 입력 필드. 값이 없으면 플레이스홀더가 보이고, 캡처에는 예시 아이디 'sto-test-10'이 입력된 상태 - 존재하지 않는 아이디이거나 형식이 틀리면 필드 아래 인라인 오류 문구(예: "아이디를 다시 확인해주세요.")가 노출된다 | K59: 유지
A60: S010 | B60: =INDEX(메뉴구조!$B$5:$B$300,MATCH($A60,메뉴구조!$A$5:$A$300,0))&"" -> 로그인 | C60: =INDEX(메뉴구조!$C$5:$C$300,MATCH($A60,메뉴구조!$A$5:$A$300,0))&"" -> 로그인 | D60: =INDEX(메뉴구조!$D$5:$D$300,MATCH($A60,메뉴구조!$A$5:$A$300,0))&"" -> — | E60: =INDEX(메뉴구조!$E$5:$E$300,MATCH($A60,메뉴구조!$A$5:$A$300,0))&"" -> — | F60: =INDEX(메뉴구조!$G$5:$G$300,MATCH($A60,메뉴구조!$A$5:$A$300,0))&"" -> 로그인 / 로그인 | G60: 3 | H60: 비밀번호 입력 | I60: - 마스킹(●●●) 처리된 텍스트 입력 필드 + 우측 눈 모양 아이콘으로 평문/마스킹 토글 - 값 미입력 또는 서버 인증 실패(아이디/비밀번호 불일치 등) 시 필드 아래 인라인 오류 문구로 사유를 안내한다 | K60: 유지
A61: S010 | B61: =INDEX(메뉴구조!$B$5:$B$300,MATCH($A61,메뉴구조!$A$5:$A$300,0))&"" -> 로그인 | C61: =INDEX(메뉴구조!$C$5:$C$300,MATCH($A61,메뉴구조!$A$5:$A$300,0))&"" -> 로그인 | D61: =INDEX(메뉴구조!$D$5:$D$300,MATCH($A61,메뉴구조!$A$5:$A$300,0))&"" -> — | E61: =INDEX(메뉴구조!$E$5:$E$300,MATCH($A61,메뉴구조!$A$5:$A$300,0))&"" -> — | F61: =INDEX(메뉴구조!$G$5:$G$300,MATCH($A61,메뉴구조!$A$5:$A$300,0))&"" -> 로그인 / 로그인 | G61: 4 | H61: 서명 로그인 · 아이디 저장 | I61: - '서명 로그인' 체크박스: 전자서명 기반 로그인 여부를 선택하는 옵션으로 보이며, 상세 동작은 이 캡처만으로는 확정할 수 없다 - '아이디 저장' 체크박스: 체크 후 로그인하면 다음 접속부터 아이디 입력칸에 값이 자동으로 채워진다 | K61: 유지
A62: S010 | B62: =INDEX(메뉴구조!$B$5:$B$300,MATCH($A62,메뉴구조!$A$5:$A$300,0))&"" -> 로그인 | C62: =INDEX(메뉴구조!$C$5:$C$300,MATCH($A62,메뉴구조!$A$5:$A$300,0))&"" -> 로그인 | D62: =INDEX(메뉴구조!$D$5:$D$300,MATCH($A62,메뉴구조!$A$5:$A$300,0))&"" -> — | E62: =INDEX(메뉴구조!$E$5:$E$300,MATCH($A62,메뉴구조!$A$5:$A$300,0))&"" -> — | F62: =INDEX(메뉴구조!$G$5:$G$300,MATCH($A62,메뉴구조!$A$5:$A$300,0))&"" -> 로그인 / 로그인 | G62: 5 | H62: 계정 찾기 · 회원가입 | I62: - '아이디 찾기', '비밀번호 찾기' 텍스트 링크 — 각각 계정 복구 플로우로 이동(본 캡처 범위 밖) - '회원가입' 링크 — 신규 이용자가 이미 작성된 회원가입/약관 동의 플로우로 진입하는 경로 | K62: 유지
A63: S010 | B63: =INDEX(메뉴구조!$B$5:$B$300,MATCH($A63,메뉴구조!$A$5:$A$300,0))&"" -> 로그인 | C63: =INDEX(메뉴구조!$C$5:$C$300,MATCH($A63,메뉴구조!$A$5:$A$300,0))&"" -> 로그인 | D63: =INDEX(메뉴구조!$D$5:$D$300,MATCH($A63,메뉴구조!$A$5:$A$300,0))&"" -> — | E63: =INDEX(메뉴구조!$E$5:$E$300,MATCH($A63,메뉴구조!$A$5:$A$300,0))&"" -> — | F63: =INDEX(메뉴구조!$G$5:$G$300,MATCH($A63,메뉴구조!$A$5:$A$300,0))&"" -> 로그인 / 로그인 | G63: 6 | H63: 다른 방법으로 로그인 | I63: - 탭하면 현재 화면이 딤 처리되며 화면 하단에서 로그인 방법 선택 바텀시트가 올라온다 - 바텀시트에는 '간편 인증으로 로그인', '생체 인증으로 로그인' 두 옵션이 있어 아이디/비밀번호 입력 없이 로그인할 수 있는 대체 경로를 제공한다(다음 화면 참고) | J63: 이용약관 제5조① 로그인 방법은 아이디/비밀번호, 간편 비밀번호(PIN), 생체인증(지문·안면) 세 가지로 정의되어 있다. | K63: 유지
A64: S010 | B64: =INDEX(메뉴구조!$B$5:$B$300,MATCH($A64,메뉴구조!$A$5:$A$300,0))&"" -> 로그인 | C64: =INDEX(메뉴구조!$C$5:$C$300,MATCH($A64,메뉴구조!$A$5:$A$300,0))&"" -> 로그인 | D64: =INDEX(메뉴구조!$D$5:$D$300,MATCH($A64,메뉴구조!$A$5:$A$300,0))&"" -> — | E64: =INDEX(메뉴구조!$E$5:$E$300,MATCH($A64,메뉴구조!$A$5:$A$300,0))&"" -> — | F64: =INDEX(메뉴구조!$G$5:$G$300,MATCH($A64,메뉴구조!$A$5:$A$300,0))&"" -> 로그인 / 로그인 | G64: 7 | H64: 로그인 버튼 | I64: - 아이디·비밀번호 입력 후 탭하면 인증을 요청한다 - 성공 시 세션이 발급되고 로그인 전 화면 또는 홈으로 이동 - 실패 시 인라인 오류(아이디/비밀번호 문구) 또는 네트워크 오류 시 하단 토스트 "일시적인 오류가 발생했어요. 잠시 후 다시 시도해주세요."가 뜬다 | J64: 이용약관 제5조③ 로그인은 1개 기기에서만 가능하며, 다른 기기에서 로그인하면 이전 기기의 로그인은 자동으로 해제된다. 제5조⑤ 로그인 정보 관리 책임은 회원 본인에게 있으며 타인 공유로 인한 손해는 회사가 책임지지 않는다. | K64: 유지
A65: S011 | B65: =INDEX(메뉴구조!$B$5:$B$300,MATCH($A65,메뉴구조!$A$5:$A$300,0))&"" -> 로그인 | C65: =INDEX(메뉴구조!$C$5:$C$300,MATCH($A65,메뉴구조!$A$5:$A$300,0))&"" -> 다른방법으로로그인 | D65: =INDEX(메뉴구조!$D$5:$D$300,MATCH($A65,메뉴구조!$A$5:$A$300,0))&"" -> — | E65: =INDEX(메뉴구조!$E$5:$E$300,MATCH($A65,메뉴구조!$A$5:$A$300,0))&"" -> — | F65: =INDEX(메뉴구조!$G$5:$G$300,MATCH($A65,메뉴구조!$A$5:$A$300,0))&"" -> 로그인 / 다른방법으로로그인 | G65: 1 | H65: 배경 로그인 화면(딤 처리) | I65: - 이전 아이디/비밀번호 로그인 화면이 어둡게 딤 처리된 채 뒤에 깔려 있고 바텀시트가 그 위에 겹쳐 뜬다 — 화면 전환이 아니라 오버레이 방식 - 딤 영역을 탭하면 시트가 닫히고 원래 로그인 화면으로 복귀할 것으로 보인다(캡처만으로 확정 불가) | K65: 유지
A66: S011 | B66: =INDEX(메뉴구조!$B$5:$B$300,MATCH($A66,메뉴구조!$A$5:$A$300,0))&"" -> 로그인 | C66: =INDEX(메뉴구조!$C$5:$C$300,MATCH($A66,메뉴구조!$A$5:$A$300,0))&"" -> 다른방법으로로그인 | D66: =INDEX(메뉴구조!$D$5:$D$300,MATCH($A66,메뉴구조!$A$5:$A$300,0))&"" -> — | E66: =INDEX(메뉴구조!$E$5:$E$300,MATCH($A66,메뉴구조!$A$5:$A$300,0))&"" -> — | F66: =INDEX(메뉴구조!$G$5:$G$300,MATCH($A66,메뉴구조!$A$5:$A$300,0))&"" -> 로그인 / 다른방법으로로그인 | G66: 2 | H66: 시트 핸들 | I66: 바텀시트 상단의 드래그 인디케이터 — 아래로 스와이프하면 시트를 닫을 수 있다는 조작 힌트 | K66: 유지
A67: S011 | B67: =INDEX(메뉴구조!$B$5:$B$300,MATCH($A67,메뉴구조!$A$5:$A$300,0))&"" -> 로그인 | C67: =INDEX(메뉴구조!$C$5:$C$300,MATCH($A67,메뉴구조!$A$5:$A$300,0))&"" -> 다른방법으로로그인 | D67: =INDEX(메뉴구조!$D$5:$D$300,MATCH($A67,메뉴구조!$A$5:$A$300,0))&"" -> — | E67: =INDEX(메뉴구조!$E$5:$E$300,MATCH($A67,메뉴구조!$A$5:$A$300,0))&"" -> — | F67: =INDEX(메뉴구조!$G$5:$G$300,MATCH($A67,메뉴구조!$A$5:$A$300,0))&"" -> 로그인 / 다른방법으로로그인 | G67: 3 | H67: 안내 타이틀 | I67: "로그인 방법을 선택하세요" — 아이디/비밀번호 외에 제공되는 로그인 수단을 고르라는 안내 | K67: 유지
A68: S011 | B68: =INDEX(메뉴구조!$B$5:$B$300,MATCH($A68,메뉴구조!$A$5:$A$300,0))&"" -> 로그인 | C68: =INDEX(메뉴구조!$C$5:$C$300,MATCH($A68,메뉴구조!$A$5:$A$300,0))&"" -> 다른방법으로로그인 | D68: =INDEX(메뉴구조!$D$5:$D$300,MATCH($A68,메뉴구조!$A$5:$A$300,0))&"" -> — | E68: =INDEX(메뉴구조!$E$5:$E$300,MATCH($A68,메뉴구조!$A$5:$A$300,0))&"" -> — | F68: =INDEX(메뉴구조!$G$5:$G$300,MATCH($A68,메뉴구조!$A$5:$A$300,0))&"" -> 로그인 / 다른방법으로로그인 | G68: 4 | H68: 간편 인증으로 로그인 | I68: - 좌측 아이콘 + '간편 인증으로 로그인' 텍스트 항목 - 탭하면 사전 등록된 간편 비밀번호(PIN) 입력 화면으로 이동해 숫자 PIN만으로 로그인하는 플로우로 이어질 것으로 보인다(본 캡처 범위 밖) | J68: 이용약관 제3조③ 간편 비밀번호(PIN)는 간편 비밀번호 서비스 이용 및 거래 승인을 위해 회원이 직접 설정한 6자리 숫자 비밀번호로 정의된다. | K68: 유지
A69: S011 | B69: =INDEX(메뉴구조!$B$5:$B$300,MATCH($A69,메뉴구조!$A$5:$A$300,0))&"" -> 로그인 | C69: =INDEX(메뉴구조!$C$5:$C$300,MATCH($A69,메뉴구조!$A$5:$A$300,0))&"" -> 다른방법으로로그인 | D69: =INDEX(메뉴구조!$D$5:$D$300,MATCH($A69,메뉴구조!$A$5:$A$300,0))&"" -> — | E69: =INDEX(메뉴구조!$E$5:$E$300,MATCH($A69,메뉴구조!$A$5:$A$300,0))&"" -> — | F69: =INDEX(메뉴구조!$G$5:$G$300,MATCH($A69,메뉴구조!$A$5:$A$300,0))&"" -> 로그인 / 다른방법으로로그인 | G69: 5 | H69: 생체 인증으로 로그인 | I69: - 좌측 지문/생체 아이콘 + '생체 인증으로 로그인' 텍스트 항목 - 탭하면 기기에 등록된 지문·Face ID 등 생체 인증을 호출하고, 인증에 성공하면 로그인 처리되는 플로우로 보인다 - 기기에 생체인증이 등록되어 있지 않은 경우의 처리(비활성/등록 안내 등)는 이 캡처만으로 확정할 수 없다 | J69: 이용약관 제3조④ 생체인증은 회원의 지문·안면 등 기기에 등록된 생체 정보를 활용해 로그인하는 인증 방식으로 정의되며, 제5조④에 따라 기기를 변경하거나 앱을 재설치한 경우 본인인증을 완료해야 신규 기기로 재등록해 사용할 수 있다. | K69: 유지
A70: S012 | B70: =INDEX(메뉴구조!$B$5:$B$300,MATCH($A70,메뉴구조!$A$5:$A$300,0))&"" -> 홈 | C70: =INDEX(메뉴구조!$C$5:$C$300,MATCH($A70,메뉴구조!$A$5:$A$300,0))&"" -> — | D70: =INDEX(메뉴구조!$D$5:$D$300,MATCH($A70,메뉴구조!$A$5:$A$300,0))&"" -> — | E70: =INDEX(메뉴구조!$E$5:$E$300,MATCH($A70,메뉴구조!$A$5:$A$300,0))&"" -> — | F70: =INDEX(메뉴구조!$G$5:$G$300,MATCH($A70,메뉴구조!$A$5:$A$300,0))&"" -> 홈 | G70: 1 | H70: 헤더 — 프로필칩·알림벨 (비로그인) | I70: - 좌측 로고, 우측 프로필칩·알림 벨 아이콘 - 비로그인 상태이므로 프로필칩은 사진없이 기본 회색 아이콘으로 표시되며, 탭하면 로그인 화면으로 이동 - 알림 벨은 노출되지만 로그인이 필요한 기능 — 비로그인 상태로 탭하면 로그인 게이트가 뜨고, 안읽음 개수 배지도 로그인 상태에서만 조회됨 | K70: 유지
A71: S012 | B71: =INDEX(메뉴구조!$B$5:$B$300,MATCH($A71,메뉴구조!$A$5:$A$300,0))&"" -> 홈 | C71: =INDEX(메뉴구조!$C$5:$C$300,MATCH($A71,메뉴구조!$A$5:$A$300,0))&"" -> — | D71: =INDEX(메뉴구조!$D$5:$D$300,MATCH($A71,메뉴구조!$A$5:$A$300,0))&"" -> — | E71: =INDEX(메뉴구조!$E$5:$E$300,MATCH($A71,메뉴구조!$A$5:$A$300,0))&"" -> — | F71: =INDEX(메뉴구조!$G$5:$G$300,MATCH($A71,메뉴구조!$A$5:$A$300,0))&"" -> 홈 | G71: 2 | H71: 메인 배너 | I71: - 서버가 노출 순서를 정한 배너를 좌우 스크롤로 최대 10개까지 노출(현재 페이지 인디케이터 '1/2'로 표시) - 자동 넘김 없음 — 손으로 직접 밀어야 다음 배너 표시 - 노출 중인 배너가 0건이면 섹션 자체가 사라짐 - 배너 탭 시 각 배너에 지정된 목적지로 이동 | K71: 유지
A72: S012 | B72: =INDEX(메뉴구조!$B$5:$B$300,MATCH($A72,메뉴구조!$A$5:$A$300,0))&"" -> 홈 | C72: =INDEX(메뉴구조!$C$5:$C$300,MATCH($A72,메뉴구조!$A$5:$A$300,0))&"" -> — | D72: =INDEX(메뉴구조!$D$5:$D$300,MATCH($A72,메뉴구조!$A$5:$A$300,0))&"" -> — | E72: =INDEX(메뉴구조!$E$5:$E$300,MATCH($A72,메뉴구조!$A$5:$A$300,0))&"" -> — | F72: =INDEX(메뉴구조!$G$5:$G$300,MATCH($A72,메뉴구조!$A$5:$A$300,0))&"" -> 홈 | G72: 3 | H72: 빠른 안내 카드 (백년가게란·주문방법·가디언이란·가디언혜택) | I72: - 원형 이미지 카드 4종, 이미지·위치 고정 - 각 이미지 클릭시 해당하는 페이지로 이동 | K72: 유지
A73: S012 | B73: =INDEX(메뉴구조!$B$5:$B$300,MATCH($A73,메뉴구조!$A$5:$A$300,0))&"" -> 홈 | C73: =INDEX(메뉴구조!$C$5:$C$300,MATCH($A73,메뉴구조!$A$5:$A$300,0))&"" -> — | D73: =INDEX(메뉴구조!$D$5:$D$300,MATCH($A73,메뉴구조!$A$5:$A$300,0))&"" -> — | E73: =INDEX(메뉴구조!$E$5:$E$300,MATCH($A73,메뉴구조!$A$5:$A$300,0))&"" -> — | F73: =INDEX(메뉴구조!$G$5:$G$300,MATCH($A73,메뉴구조!$A$5:$A$300,0))&"" -> 홈 | G73: 4 | H73: 종목 목록 '가디언 픽' | I73: - 상장 종목만 조회(상장폐지 제외), 5개를 좌우 스크롤 카드로 노출 - 의도된 정렬은 '등락률 높은순'으로 노출 - 카드 구성: 가게명·종목명·현재가·등락률·[주문]·찜(♡) 아이콘 - 비로그인 상태라 찜(♡)은 테두리만 있는 빈 하트로 표시 — 탭하면 로그인 게이트, [주문]은 화면은 열리되 제출 시점에 로그인 요구 - 카드 탭 → 종목 상세로 이동 - 의도된 정렬 기준은 '등락률 높은순'이지만, 서버가 정렬 조건을 아직 반영하지 않아 실제로는 '최근 상장순'으로 노출된다(알려진 제약, 참고: 10-home.md) — 그 결과 '새로운 종목' 섹션과 종목이 겹쳐 보일 수 있으며 이는 버그가 아니다 | K73: 유지
A74: S012 | B74: =INDEX(메뉴구조!$B$5:$B$300,MATCH($A74,메뉴구조!$A$5:$A$300,0))&"" -> 홈 | C74: =INDEX(메뉴구조!$C$5:$C$300,MATCH($A74,메뉴구조!$A$5:$A$300,0))&"" -> — | D74: =INDEX(메뉴구조!$D$5:$D$300,MATCH($A74,메뉴구조!$A$5:$A$300,0))&"" -> — | E74: =INDEX(메뉴구조!$E$5:$E$300,MATCH($A74,메뉴구조!$A$5:$A$300,0))&"" -> — | F74: =INDEX(메뉴구조!$G$5:$G$300,MATCH($A74,메뉴구조!$A$5:$A$300,0))&"" -> 홈 | G74: 5 | H74: 가게 홍보 '지금 가장 핫한 가게' | I74: - 가게 3개를 좌우 스크롤로 노출, 가게당 종목 최대 2개를 하위 목록으로 표시(서버 노출 순서) - 대형 이미지 카드: 가게명, 대표 문구, '혜택' 배지, 혜택 설명 문구, 우측 상단 관심(하트) 아이콘 - 하위 종목 행: 종목명·현재가·등락률·[주문]·찜(♡, 비로그인이라 빈 하트) -> [주문] 클릭시 해당 종목의 상세> 주문 페이지로 이동 (동일함) - 카드/종목 탭 → 각각 가게 상세/종목 상세로 이동 | K74: 수정 | L74: 관심 아이콘을 하트로 통일(R-12) | M74: - 가게 3개를 좌우 스크롤로 노출, 가게당 종목 최대 2개를 하위 목록으로 표시(서버 노출 순서) - 대형 이미지 카드: 가게명, 대표 문구, '혜택' 배지, 혜택 설명 문구, 우측 상단 스크랩(북마크) 아이콘 - 하위 종목 행: 종목명·현재가·등락률·[주문]·찜(♡, 비로그인이라 빈 하트) -> [주문] 클릭시 해당 종목의 상세> 주문 페이지로 이동 (동일함) - 카드/종목 탭 → 각각 가게 상세/종목 상세로 이동
A75: S012 | B75: =INDEX(메뉴구조!$B$5:$B$300,MATCH($A75,메뉴구조!$A$5:$A$300,0))&"" -> 홈 | C75: =INDEX(메뉴구조!$C$5:$C$300,MATCH($A75,메뉴구조!$A$5:$A$300,0))&"" -> — | D75: =INDEX(메뉴구조!$D$5:$D$300,MATCH($A75,메뉴구조!$A$5:$A$300,0))&"" -> — | E75: =INDEX(메뉴구조!$E$5:$E$300,MATCH($A75,메뉴구조!$A$5:$A$300,0))&"" -> — | F75: =INDEX(메뉴구조!$G$5:$G$300,MATCH($A75,메뉴구조!$A$5:$A$300,0))&"" -> 홈 | G75: 6 | H75: 신규 종목 '새로 올라왔어요' | I75: - 최근 상장순 3개, 세로 목록. 상장 종목만 조회 - 각 행: 가게명·종목명·현재가·등락률·[주문]·찜(♡, 비로그인이라 빈 하트) - 헤더 우측 [더보기] → 거래 목록이 '최근 상장순' 필터링된 상태로 '거래> 전체' 목록으로 이동 | K75: 유지
A76: S012 | B76: =INDEX(메뉴구조!$B$5:$B$300,MATCH($A76,메뉴구조!$A$5:$A$300,0))&"" -> 홈 | C76: =INDEX(메뉴구조!$C$5:$C$300,MATCH($A76,메뉴구조!$A$5:$A$300,0))&"" -> — | D76: =INDEX(메뉴구조!$D$5:$D$300,MATCH($A76,메뉴구조!$A$5:$A$300,0))&"" -> — | E76: =INDEX(메뉴구조!$E$5:$E$300,MATCH($A76,메뉴구조!$A$5:$A$300,0))&"" -> — | F76: =INDEX(메뉴구조!$G$5:$G$300,MATCH($A76,메뉴구조!$A$5:$A$300,0))&"" -> 홈 | G76: 7 | H76: 이벤트 | I76: - 서버 노출 순서로 최대 5개, 좌우 스크롤(자동 넘김 없음 — 손으로 밀어야 함) - 노출 중인 이벤트가 0건이면 섹션 자체가 사라짐 - 카드 영역 카드 탭 → 이벤트 상세로 이동 | K76: 수정 | L76: 섹션명 '이벤트·혜택' → '이벤트'로 통일(더보기·백년가게 '혜택' 탭과 혼동 방지) | M76: - 서버 노출 순서로 최대 5개, 좌우 스크롤(자동 넘김 없음 — 손으로 밀어야 함) - 노출 중인 이벤트가 0건이면 섹션 자체가 사라짐 - 카드 영역 카드 탭 → 이벤트 상세로 이동
A77: S012 | B77: =INDEX(메뉴구조!$B$5:$B$300,MATCH($A77,메뉴구조!$A$5:$A$300,0))&"" -> 홈 | C77: =INDEX(메뉴구조!$C$5:$C$300,MATCH($A77,메뉴구조!$A$5:$A$300,0))&"" -> — | D77: =INDEX(메뉴구조!$D$5:$D$300,MATCH($A77,메뉴구조!$A$5:$A$300,0))&"" -> — | E77: =INDEX(메뉴구조!$E$5:$E$300,MATCH($A77,메뉴구조!$A$5:$A$300,0))&"" -> — | F77: =INDEX(메뉴구조!$G$5:$G$300,MATCH($A77,메뉴구조!$A$5:$A$300,0))&"" -> 홈 | G77: 8 | H77: 지역 카드 — '내 주변 픽' | I77: - 등록된 지역 수만큼 칩 노출(서울·경기·인천·강원·대전 등) 되며, 백년가게 > 내 주변(전체) / 지역 칩 탭 → 백년가게 > 내 주변(해당 지역 지정) | K77: 유지
A78: S012 | B78: =INDEX(메뉴구조!$B$5:$B$300,MATCH($A78,메뉴구조!$A$5:$A$300,0))&"" -> 홈 | C78: =INDEX(메뉴구조!$C$5:$C$300,MATCH($A78,메뉴구조!$A$5:$A$300,0))&"" -> — | D78: =INDEX(메뉴구조!$D$5:$D$300,MATCH($A78,메뉴구조!$A$5:$A$300,0))&"" -> — | E78: =INDEX(메뉴구조!$E$5:$E$300,MATCH($A78,메뉴구조!$A$5:$A$300,0))&"" -> — | F78: =INDEX(메뉴구조!$G$5:$G$300,MATCH($A78,메뉴구조!$A$5:$A$300,0))&"" -> 홈 | G78: 9 | H78: 백년라운지 | I78: - 가게 3개, 가게당 최신 글 3개(최신순) — 라운지 글이 0건이면 섹션 전체가 사라짐 - 카드 구성: 가게명(고요한상 등)·최신 글 미리보기·[더보기] - [더보기] 버튼 클릭-> 백년가게> 가게상세> 커뮤니티 목록 이동 - 글 미리보기 탭 → 그 종목의 커뮤니티로 이동 / 가게명 탭 → 그 가게 상세의 커뮤니티 탭으로 이동(서로 다른 목적지이므로 구분 필요) | K78: 유지
A79: S012 | B79: =INDEX(메뉴구조!$B$5:$B$300,MATCH($A79,메뉴구조!$A$5:$A$300,0))&"" -> 홈 | C79: =INDEX(메뉴구조!$C$5:$C$300,MATCH($A79,메뉴구조!$A$5:$A$300,0))&"" -> — | D79: =INDEX(메뉴구조!$D$5:$D$300,MATCH($A79,메뉴구조!$A$5:$A$300,0))&"" -> — | E79: =INDEX(메뉴구조!$E$5:$E$300,MATCH($A79,메뉴구조!$A$5:$A$300,0))&"" -> — | F79: =INDEX(메뉴구조!$G$5:$G$300,MATCH($A79,메뉴구조!$A$5:$A$300,0))&"" -> 홈 | G79: 10 | H79: 공지 띠 + 푸터 | I79: - 공지 띠: 최신 공지 1건만 노출(예: '[공지][필수] 투자자 성향 분석 필수 안내'), 공지가 0건이면 섹션이 사라짐 — 탭 시 공지 상세로 이동 - 하단 푸터: 서비스 고지 문구('정보는 투자 참고용이며 실제와 차이가 있을 수 있고, 투자 결과의 법적 책임은 사용자에게 귀속'), [투자자 유의안내]·[개인정보처리방침]·[고객센터] 링크 | K79: 유지
A80: S012 | B80: =INDEX(메뉴구조!$B$5:$B$300,MATCH($A80,메뉴구조!$A$5:$A$300,0))&"" -> 홈 | C80: =INDEX(메뉴구조!$C$5:$C$300,MATCH($A80,메뉴구조!$A$5:$A$300,0))&"" -> — | D80: =INDEX(메뉴구조!$D$5:$D$300,MATCH($A80,메뉴구조!$A$5:$A$300,0))&"" -> — | E80: =INDEX(메뉴구조!$E$5:$E$300,MATCH($A80,메뉴구조!$A$5:$A$300,0))&"" -> — | F80: =INDEX(메뉴구조!$G$5:$G$300,MATCH($A80,메뉴구조!$A$5:$A$300,0))&"" -> 홈 | G80: 11 | H80: 네비게이션 바 | I80: - BottomNav(홈/백년가게/거래/MY/더보기) — 구성은 로그인 상태와 무관하게 5개 탭으로 동일하게 노출됨 - 참고 https://docs.google.com/spreadsheets/d/1fa8sG1Eb9tx7mB9CSHXREZesiIDnNWuP/edit?gid=443744823#gid=443744823 | K80: 유지
A81: S012 | B81: =INDEX(메뉴구조!$B$5:$B$300,MATCH($A81,메뉴구조!$A$5:$A$300,0))&"" -> 홈 | C81: =INDEX(메뉴구조!$C$5:$C$300,MATCH($A81,메뉴구조!$A$5:$A$300,0))&"" -> — | D81: =INDEX(메뉴구조!$D$5:$D$300,MATCH($A81,메뉴구조!$A$5:$A$300,0))&"" -> — | E81: =INDEX(메뉴구조!$E$5:$E$300,MATCH($A81,메뉴구조!$A$5:$A$300,0))&"" -> — | F81: =INDEX(메뉴구조!$G$5:$G$300,MATCH($A81,메뉴구조!$A$5:$A$300,0))&"" -> 홈 | G81: 12 | H81: 검색 영역 | I81: - 헤더 바로 아래에 검색 필드 1개('가게명·종목명을 검색해 보세요')를 배치한다. 필드는 콘텐츠와 함께 스크롤되어 사라진다 - 필드를 탭하면 검색 홈(S150)으로 이동하고 입력창이 자동 포커스된다 - 로그인 없이 사용 가능 - 공통 규칙 R-07 | J81: 검색 기능은 가게/종목 목록이 30건 이상인 경우 개발 반영 필요(기존 공통 메모) | K81: 신규 | L81: 1뎁스 상단 검색 영역 신규(R-07)
A82: S013 | B82: =INDEX(메뉴구조!$B$5:$B$300,MATCH($A82,메뉴구조!$A$5:$A$300,0))&"" -> 홈 | C82: =INDEX(메뉴구조!$C$5:$C$300,MATCH($A82,메뉴구조!$A$5:$A$300,0))&"" -> 로그인 후 | D82: =INDEX(메뉴구조!$D$5:$D$300,MATCH($A82,메뉴구조!$A$5:$A$300,0))&"" -> — | E82: =INDEX(메뉴구조!$E$5:$E$300,MATCH($A82,메뉴구조!$A$5:$A$300,0))&"" -> — | F82: =INDEX(메뉴구조!$G$5:$G$300,MATCH($A82,메뉴구조!$A$5:$A$300,0))&"" -> 홈 / 로그인 후 | G82: 1 | H82: 헤더 — 프로필칩·알림벨 (로그인 후·계좌 미연결) | I82: - 로그인 상태이므로 프로필칩이 기본 회색 아이콘 대신 닉네임 첫 글자('하')를 넣은 원형 컬러 배지로 바뀜(사진 등록 시 사진, 없으면 닉네임 첫 글자, 그것도 없으면 기본 아이콘 순) - 프로필칩 탭 → MY 화면으로 이동 - 알림 벨: 로그인 상태이므로 안읽음 개수 표시(현재 0개 표시) | K82: 유지
A83: S013 | B83: =INDEX(메뉴구조!$B$5:$B$300,MATCH($A83,메뉴구조!$A$5:$A$300,0))&"" -> 홈 | C83: =INDEX(메뉴구조!$C$5:$C$300,MATCH($A83,메뉴구조!$A$5:$A$300,0))&"" -> 로그인 후 | D83: =INDEX(메뉴구조!$D$5:$D$300,MATCH($A83,메뉴구조!$A$5:$A$300,0))&"" -> — | E83: =INDEX(메뉴구조!$E$5:$E$300,MATCH($A83,메뉴구조!$A$5:$A$300,0))&"" -> — | F83: =INDEX(메뉴구조!$G$5:$G$300,MATCH($A83,메뉴구조!$A$5:$A$300,0))&"" -> 홈 / 로그인 후 | G83: 2 | H83: 계좌 연결 안내 띠 | I83: - 로그인은 했으나 계좌 미연결 상태 — 3가지 상태 중 두 번째: 닉네임+계좌 연결 유도 문구가 띠 형태로 노출 - 띠 탭 → 계좌 연결 화면(/account/connect)으로 이동 - 연동 목록을 아직 받는 중인 구간에는 띠 자체가 숨겨진다 — 느린 네트워크에서 '계좌를 연결해 주세요' 문구가 잘못 스쳐 보이면 안 됨(QA 확인 포인트) - 계좌를 연결하면 c1084b92483f(계좌연결 후) 화면처럼 '나의 자산' 요약으로 바뀜 | J83: 이용약관 제6조(증권사 계좌 연동 및 계좌 관리) — 계좌 연동은 회원의 CI 기준 동일인 확인 후 진행되며, 여러 증권사 계좌를 동시에 연동할 수 있다. 제2조 【회원 등급】② 일반회원(가입 단계) — 계좌 미연결 상태에서는 커뮤니티 등 기본 서비스만 이용 가능하고 구매·판매 거래는 불가. | K83: 유지
A84: S013 | B84: =INDEX(메뉴구조!$B$5:$B$300,MATCH($A84,메뉴구조!$A$5:$A$300,0))&"" -> 홈 | C84: =INDEX(메뉴구조!$C$5:$C$300,MATCH($A84,메뉴구조!$A$5:$A$300,0))&"" -> 로그인 후 | D84: =INDEX(메뉴구조!$D$5:$D$300,MATCH($A84,메뉴구조!$A$5:$A$300,0))&"" -> — | E84: =INDEX(메뉴구조!$E$5:$E$300,MATCH($A84,메뉴구조!$A$5:$A$300,0))&"" -> — | F84: =INDEX(메뉴구조!$G$5:$G$300,MATCH($A84,메뉴구조!$A$5:$A$300,0))&"" -> 홈 / 로그인 후 | G84: 3 | H84: 관심가게/ 관심종목 설정 | I84: - 로그인 후 관심가게/ 관심종목 설정한 경우 채워진 아이콘으로 표시 | K84: 유지
A85: S014 | B85: =INDEX(메뉴구조!$B$5:$B$300,MATCH($A85,메뉴구조!$A$5:$A$300,0))&"" -> 홈 | C85: =INDEX(메뉴구조!$C$5:$C$300,MATCH($A85,메뉴구조!$A$5:$A$300,0))&"" -> 로그인 후 | D85: =INDEX(메뉴구조!$D$5:$D$300,MATCH($A85,메뉴구조!$A$5:$A$300,0))&"" -> — | E85: =INDEX(메뉴구조!$E$5:$E$300,MATCH($A85,메뉴구조!$A$5:$A$300,0))&"" -> — | F85: =INDEX(메뉴구조!$G$5:$G$300,MATCH($A85,메뉴구조!$A$5:$A$300,0))&"" -> 홈 / 로그인 후 | G85: 1 | H85: 내 자산 띠 — '나의 자산' 요약 (계좌 연결 완료) | I85: - 3가지 상태 중 마지막 — 계좌 연결까지 완료된 상태로 카드형 자산 아이콘 + '나의 자산' 라벨 + 우측 '보유종목 7 >' 노출 - 보유종목 수는 첫 응답 전에는 스켈레톤으로 표시되어 0으로 잘못 보이지 않으며, 재진입 시에도 마지막 값을 유지한 채 갱신됨(깜빡임 없음) - 띠 탭 → MY > 내 자산으로 이동 | K85: 수정 | L85: 내 자산 띠 탭 이동 대상 변경 | M85: - 3가지 상태 중 마지막 — 계좌 연결까지 완료된 상태로 카드형 자산 아이콘 + '나의 자산' 라벨 + 우측 '보유종목 7 >' 노출 - 보유종목 수는 첫 응답 전에는 스켈레톤으로 표시되어 0으로 잘못 보이지 않으며, 재진입 시에도 마지막 값을 유지한 채 갱신됨(깜빡임 없음) - 띠 탭 → 거래 > 보유 탭으로 이동
A86: S015 | B86: =INDEX(메뉴구조!$B$5:$B$300,MATCH($A86,메뉴구조!$A$5:$A$300,0))&"" -> 백년가게 | C86: =INDEX(메뉴구조!$C$5:$C$300,MATCH($A86,메뉴구조!$A$5:$A$300,0))&"" -> 탐색 | D86: =INDEX(메뉴구조!$D$5:$D$300,MATCH($A86,메뉴구조!$A$5:$A$300,0))&"" -> 목록 | E86: =INDEX(메뉴구조!$E$5:$E$300,MATCH($A86,메뉴구조!$A$5:$A$300,0))&"" -> — | F86: =INDEX(메뉴구조!$G$5:$G$300,MATCH($A86,메뉴구조!$A$5:$A$300,0))&"" -> 백년가게 / 탐색 / 목록 | G86: 1 | H86: 상단 탭 3종 (탐색·내 주변·백년가게란?) | I86: - 탐색: 플랫폼에 상장된 가게 목록(서버에서 실시간 조회) - 내 주변: 지도 위에 상장 가게 + 전국 백년가게(비상장 포함)를 함께 표시 - 백년가게란?: 백년가게 제도 자체를 소개하는 화면(앱에 내장된 고정 문안, 서버 조회 없음) - 가게 상세로 이동했다 뒤로 오면 보고 있던 탭이 그대로 복원된다 | K86: 유지
A87: S015 | B87: =INDEX(메뉴구조!$B$5:$B$300,MATCH($A87,메뉴구조!$A$5:$A$300,0))&"" -> 백년가게 | C87: =INDEX(메뉴구조!$C$5:$C$300,MATCH($A87,메뉴구조!$A$5:$A$300,0))&"" -> 탐색 | D87: =INDEX(메뉴구조!$D$5:$D$300,MATCH($A87,메뉴구조!$A$5:$A$300,0))&"" -> 목록 | E87: =INDEX(메뉴구조!$E$5:$E$300,MATCH($A87,메뉴구조!$A$5:$A$300,0))&"" -> — | F87: =INDEX(메뉴구조!$G$5:$G$300,MATCH($A87,메뉴구조!$A$5:$A$300,0))&"" -> 백년가게 / 탐색 / 목록 | G87: 2 | H87: 상장가게 건수·정렬·필터 | I87: - '백년가게 N건'은 화면에 보이는 개수가 아니라 전체 건수 - 기본 정렬은 응원 많은순이며, 정렬 선택지는 응원 많은순·최근 상장순·오래된 가게순 3종(방향 고정) - [필터]를 탭하면 하단 시트에서 지역·카테고리·정렬을 고를 수 있고, 선택 후 [적용] 클릭하면 목록이 다시 조회된다 - 목록을 화면 높이의 1.5배 이상 내리면 TOP 버튼이 나타나 탭하면 목록 맨 위로 이동한다 - (공통) 검색 기능은 가게/종목 목록이 30개 이상인 경우 개발 반영 필요 | K87: 유지
A88: S015 | B88: =INDEX(메뉴구조!$B$5:$B$300,MATCH($A88,메뉴구조!$A$5:$A$300,0))&"" -> 백년가게 | C88: =INDEX(메뉴구조!$C$5:$C$300,MATCH($A88,메뉴구조!$A$5:$A$300,0))&"" -> 탐색 | D88: =INDEX(메뉴구조!$D$5:$D$300,MATCH($A88,메뉴구조!$A$5:$A$300,0))&"" -> 목록 | E88: =INDEX(메뉴구조!$E$5:$E$300,MATCH($A88,메뉴구조!$A$5:$A$300,0))&"" -> — | F88: =INDEX(메뉴구조!$G$5:$G$300,MATCH($A88,메뉴구조!$A$5:$A$300,0))&"" -> 백년가게 / 탐색 / 목록 | G88: 3 | H88: 가게 카드 | I88: - 대표 이미지·가게명·카테고리·지속연도('N년' 배지, 없으면 배지 미표시)·주소(없으면 '주소 미등록')로 구성 - 첫 진입 시 10건이 보이고, 목록 끝에 닿으면 10건씩 자동으로 이어 붙는다([더보기] 버튼 없이 무한 스크롤) - 카드를 탭하면 그 가게 상세(정보 탭)로 이동한다 | K88: 유지
A89: S015 | B89: =INDEX(메뉴구조!$B$5:$B$300,MATCH($A89,메뉴구조!$A$5:$A$300,0))&"" -> 백년가게 | C89: =INDEX(메뉴구조!$C$5:$C$300,MATCH($A89,메뉴구조!$A$5:$A$300,0))&"" -> 탐색 | D89: =INDEX(메뉴구조!$D$5:$D$300,MATCH($A89,메뉴구조!$A$5:$A$300,0))&"" -> 목록 | E89: =INDEX(메뉴구조!$E$5:$E$300,MATCH($A89,메뉴구조!$A$5:$A$300,0))&"" -> — | F89: =INDEX(메뉴구조!$G$5:$G$300,MATCH($A89,메뉴구조!$A$5:$A$300,0))&"" -> 백년가게 / 탐색 / 목록 | G89: 4 | H89: 찜(♡) 버튼 | I89: - 비로그인 상태에서 탭하면 로그인 안내가 뜨고, 로그인 후에만 사용할 수 있다 - 찜한 가게는 MY > 관심 > 관심가게 목록에서 모아볼 수 있다 | K89: 수정 | L89: 찜 안내 문구를 MY > 관심으로 수정 | M89: - 비로그인 상태에서 탭하면 로그인 안내가 뜨고, 로그인 후에만 사용할 수 있다 - 찜한 가게는 거래 > 관심 > 관심가게 목록에서 모아볼 수 있다
A90: S015 | B90: =INDEX(메뉴구조!$B$5:$B$300,MATCH($A90,메뉴구조!$A$5:$A$300,0))&"" -> 백년가게 | C90: =INDEX(메뉴구조!$C$5:$C$300,MATCH($A90,메뉴구조!$A$5:$A$300,0))&"" -> 탐색 | D90: =INDEX(메뉴구조!$D$5:$D$300,MATCH($A90,메뉴구조!$A$5:$A$300,0))&"" -> 목록 | E90: =INDEX(메뉴구조!$E$5:$E$300,MATCH($A90,메뉴구조!$A$5:$A$300,0))&"" -> — | F90: =INDEX(메뉴구조!$G$5:$G$300,MATCH($A90,메뉴구조!$A$5:$A$300,0))&"" -> 백년가게 / 탐색 / 목록 | G90: 5 | H90: 검색 영역 | I90: - 백년가게 서브탭 중 '탐색' 탭 상단(가게 건수·정렬 행 위)에 검색 필드를 고정 노출한다. 목록을 아래로 스크롤하면 숨겨지고 위로 스크롤하면 다시 나타난다 - 필드를 탭하면 검색 홈(S150)으로 이동하며, 결과 화면의 기본 탭은 '가게'로 진입한다 - '내 주변'(지도)·'백년가게란?' 탭에서는 노출하지 않는다(확인 필요) - 공통 규칙 R-07 | J90: 검색 기능은 가게/종목 목록이 30건 이상인 경우 개발 반영 필요(기존 공통 메모) | K90: 신규 | L90: 1뎁스 상단 검색 영역 신규(R-07)
A91: S016 | B91: =INDEX(메뉴구조!$B$5:$B$300,MATCH($A91,메뉴구조!$A$5:$A$300,0))&"" -> 백년가게 | C91: =INDEX(메뉴구조!$C$5:$C$300,MATCH($A91,메뉴구조!$A$5:$A$300,0))&"" -> 탐색 | D91: =INDEX(메뉴구조!$D$5:$D$300,MATCH($A91,메뉴구조!$A$5:$A$300,0))&"" -> 가게 상세 | E91: =INDEX(메뉴구조!$E$5:$E$300,MATCH($A91,메뉴구조!$A$5:$A$300,0))&"" -> 정보 | F91: =INDEX(메뉴구조!$G$5:$G$300,MATCH($A91,메뉴구조!$A$5:$A$300,0))&"" -> 백년가게 / 탐색 / 가게 상세 / 정보 | G91: 1 | H91: 헤더(뒤로가기) | I91: - 좌측 ← 를 탭하면 이전 화면(백년가게 목록)으로 이동한다 - 스크롤하면 헤더에 흰 배경이 깔린다 | K91: 유지
A92: S016 | B92: =INDEX(메뉴구조!$B$5:$B$300,MATCH($A92,메뉴구조!$A$5:$A$300,0))&"" -> 백년가게 | C92: =INDEX(메뉴구조!$C$5:$C$300,MATCH($A92,메뉴구조!$A$5:$A$300,0))&"" -> 탐색 | D92: =INDEX(메뉴구조!$D$5:$D$300,MATCH($A92,메뉴구조!$A$5:$A$300,0))&"" -> 가게 상세 | E92: =INDEX(메뉴구조!$E$5:$E$300,MATCH($A92,메뉴구조!$A$5:$A$300,0))&"" -> 정보 | F92: =INDEX(메뉴구조!$G$5:$G$300,MATCH($A92,메뉴구조!$A$5:$A$300,0))&"" -> 백년가게 / 탐색 / 가게 상세 / 정보 | G92: 2 | H92: 찜(♡) 버튼 | I92: - 비로그인 상태에서 탭하면 로그인 안내가 뜬다 - 로그인 후 탭하면 서버 반영 후 가게 상세를 다시 조회해 하트가 바뀐다 - 찜한 가게는 MY > 관심 > 관심가게에서 모아볼 수 있다 | K92: 수정 | L92: 찜 안내 문구를 MY > 관심으로 수정 | M92: - 비로그인 상태에서 탭하면 로그인 안내가 뜬다 - 로그인 후 탭하면 서버 반영 후 가게 상세를 다시 조회해 하트가 바뀐다 - 찜한 가게는 거래 > 관심 > 관심가게에서 모아볼 수 있다
A93: S016 | B93: =INDEX(메뉴구조!$B$5:$B$300,MATCH($A93,메뉴구조!$A$5:$A$300,0))&"" -> 백년가게 | C93: =INDEX(메뉴구조!$C$5:$C$300,MATCH($A93,메뉴구조!$A$5:$A$300,0))&"" -> 탐색 | D93: =INDEX(메뉴구조!$D$5:$D$300,MATCH($A93,메뉴구조!$A$5:$A$300,0))&"" -> 가게 상세 | E93: =INDEX(메뉴구조!$E$5:$E$300,MATCH($A93,메뉴구조!$A$5:$A$300,0))&"" -> 정보 | F93: =INDEX(메뉴구조!$G$5:$G$300,MATCH($A93,메뉴구조!$A$5:$A$300,0))&"" -> 백년가게 / 탐색 / 가게 상세 / 정보 | G93: 3 | H93: 가게 기본 정보 | I93: - 대표 이미지 최대 5장을 좌우로 넘겨볼 수 있다(값이 없으면 기본 이미지) - 카테고리(공통코드)·지속연도 'N년' 배지(없으면 배지 미표시) - 연락처·주소(없으면 '주소 미등록')·설립일이 관리자 입력값 그대로 표시된다 | K93: 유지
A94: S016 | B94: =INDEX(메뉴구조!$B$5:$B$300,MATCH($A94,메뉴구조!$A$5:$A$300,0))&"" -> 백년가게 | C94: =INDEX(메뉴구조!$C$5:$C$300,MATCH($A94,메뉴구조!$A$5:$A$300,0))&"" -> 탐색 | D94: =INDEX(메뉴구조!$D$5:$D$300,MATCH($A94,메뉴구조!$A$5:$A$300,0))&"" -> 가게 상세 | E94: =INDEX(메뉴구조!$E$5:$E$300,MATCH($A94,메뉴구조!$A$5:$A$300,0))&"" -> 정보 | F94: =INDEX(메뉴구조!$G$5:$G$300,MATCH($A94,메뉴구조!$A$5:$A$300,0))&"" -> 백년가게 / 탐색 / 가게 상세 / 정보 | G94: 4 | H94: 탭 4종 (정보·종목·커뮤니티·혜택) | I94: - 현재는 '정보' 탭이 선택된 상태 - 스크롤하면 탭 영역이 화면 상단에 고정된다 - 탭을 바꾸면 스크롤이 탭바 아래 위치로 초기화된다 | K94: 유지
A95: S016 | B95: =INDEX(메뉴구조!$B$5:$B$300,MATCH($A95,메뉴구조!$A$5:$A$300,0))&"" -> 백년가게 | C95: =INDEX(메뉴구조!$C$5:$C$300,MATCH($A95,메뉴구조!$A$5:$A$300,0))&"" -> 탐색 | D95: =INDEX(메뉴구조!$D$5:$D$300,MATCH($A95,메뉴구조!$A$5:$A$300,0))&"" -> 가게 상세 | E95: =INDEX(메뉴구조!$E$5:$E$300,MATCH($A95,메뉴구조!$A$5:$A$300,0))&"" -> 정보 | F95: =INDEX(메뉴구조!$G$5:$G$300,MATCH($A95,메뉴구조!$A$5:$A$300,0))&"" -> 백년가게 / 탐색 / 가게 상세 / 정보 | G95: 5 | H95: 가게 설명 | I95: - 관리자가 입력한 소개 문구가 그대로 표시된다 | K95: 유지
A96: S016 | B96: =INDEX(메뉴구조!$B$5:$B$300,MATCH($A96,메뉴구조!$A$5:$A$300,0))&"" -> 백년가게 | C96: =INDEX(메뉴구조!$C$5:$C$300,MATCH($A96,메뉴구조!$A$5:$A$300,0))&"" -> 탐색 | D96: =INDEX(메뉴구조!$D$5:$D$300,MATCH($A96,메뉴구조!$A$5:$A$300,0))&"" -> 가게 상세 | E96: =INDEX(메뉴구조!$E$5:$E$300,MATCH($A96,메뉴구조!$A$5:$A$300,0))&"" -> 정보 | F96: =INDEX(메뉴구조!$G$5:$G$300,MATCH($A96,메뉴구조!$A$5:$A$300,0))&"" -> 백년가게 / 탐색 / 가게 상세 / 정보 | G96: 6 | H96: 위치정보 (지점 선택 + 지도) | I96: - 지점이 여러 개인 가게는 드롭다운으로 지점을 선택할 수 있고, 선택하면 지도가 그 지점으로 이동한다 - 드롭다운 아래에 주소가 별도로 다시 표시된다 | K96: 유지
A97: S016 | B97: =INDEX(메뉴구조!$B$5:$B$300,MATCH($A97,메뉴구조!$A$5:$A$300,0))&"" -> 백년가게 | C97: =INDEX(메뉴구조!$C$5:$C$300,MATCH($A97,메뉴구조!$A$5:$A$300,0))&"" -> 탐색 | D97: =INDEX(메뉴구조!$D$5:$D$300,MATCH($A97,메뉴구조!$A$5:$A$300,0))&"" -> 가게 상세 | E97: =INDEX(메뉴구조!$E$5:$E$300,MATCH($A97,메뉴구조!$A$5:$A$300,0))&"" -> 정보 | F97: =INDEX(메뉴구조!$G$5:$G$300,MATCH($A97,메뉴구조!$A$5:$A$300,0))&"" -> 백년가게 / 탐색 / 가게 상세 / 정보 | G97: 7 | H97: 뉴스 | I97: - 제목 옆 '총 N건'(골드색 숫자)은 관리자가 노출 설정한 기사 수이며, 목록에는 보도일 최신순으로 최신 3건만 보인다 - 기사 한 건에는 제목(최대 2줄)·보도일·언론사·썸네일이 표시되고, 값이 없으면 보도일·언론사는 '-', 썸네일은 회색 사각형으로 대체된다 - 총 4건 이상일 때만 [더보기]가 나타나며, 누르면 뉴스 전체 목록(10건씩 무한 스크롤)으로 이동한다 - 뉴스가 0건이면 '뉴스' 제목까지 통째로 화면에서 사라진다 - 기사를 탭하면 실기기에서는 휴대폰 기본 브라우저 앱으로 전환되고(iOS는 상태바 '◀ 한국ST거래'로 복귀, Android는 뒤로가기 제스처로만 복귀 가능), PC에서는 새 탭으로 열린다. 기사 주소가 등록되지 않은 기사는 눌러도 반응이 없다 | K97: 유지
A98: S016 | B98: =INDEX(메뉴구조!$B$5:$B$300,MATCH($A98,메뉴구조!$A$5:$A$300,0))&"" -> 백년가게 | C98: =INDEX(메뉴구조!$C$5:$C$300,MATCH($A98,메뉴구조!$A$5:$A$300,0))&"" -> 탐색 | D98: =INDEX(메뉴구조!$D$5:$D$300,MATCH($A98,메뉴구조!$A$5:$A$300,0))&"" -> 가게 상세 | E98: =INDEX(메뉴구조!$E$5:$E$300,MATCH($A98,메뉴구조!$A$5:$A$300,0))&"" -> 정보 | F98: =INDEX(메뉴구조!$G$5:$G$300,MATCH($A98,메뉴구조!$A$5:$A$300,0))&"" -> 백년가게 / 탐색 / 가게 상세 / 정보 | G98: 8 | H98: 하단 탭바 | I98: - 홈·백년가게·거래·MY·더보기 중 '백년가게'가 활성화된 상태로 유지된다 | K98: 유지
A99: S017 | B99: =INDEX(메뉴구조!$B$5:$B$300,MATCH($A99,메뉴구조!$A$5:$A$300,0))&"" -> 백년가게 | C99: =INDEX(메뉴구조!$C$5:$C$300,MATCH($A99,메뉴구조!$A$5:$A$300,0))&"" -> 탐색 | D99: =INDEX(메뉴구조!$D$5:$D$300,MATCH($A99,메뉴구조!$A$5:$A$300,0))&"" -> 가게 상세 | E99: =INDEX(메뉴구조!$E$5:$E$300,MATCH($A99,메뉴구조!$A$5:$A$300,0))&"" -> 종목 | F99: =INDEX(메뉴구조!$G$5:$G$300,MATCH($A99,메뉴구조!$A$5:$A$300,0))&"" -> 백년가게 / 탐색 / 가게 상세 / 종목 | G99: 1 | H99: 종목 소개 배너 | I99: - '변치않는 자산의 가치' 등 이 가게 종목에 대한 소개 문구가 표시되는 영역 | K99: 유지
A100: S017 | B100: =INDEX(메뉴구조!$B$5:$B$300,MATCH($A100,메뉴구조!$A$5:$A$300,0))&"" -> 백년가게 | C100: =INDEX(메뉴구조!$C$5:$C$300,MATCH($A100,메뉴구조!$A$5:$A$300,0))&"" -> 탐색 | D100: =INDEX(메뉴구조!$D$5:$D$300,MATCH($A100,메뉴구조!$A$5:$A$300,0))&"" -> 가게 상세 | E100: =INDEX(메뉴구조!$E$5:$E$300,MATCH($A100,메뉴구조!$A$5:$A$300,0))&"" -> 종목 | F100: =INDEX(메뉴구조!$G$5:$G$300,MATCH($A100,메뉴구조!$A$5:$A$300,0))&"" -> 백년가게 / 탐색 / 가게 상세 / 종목 | G100: 2 | H100: 종목 카드 목록 | I100: - 그 가게에 상장된 종목 전체가 페이징 없이 한 번에 표시된다(더보기 없음) - 카드에는 종목명·현재가·등락률이 나오며, 정렬은 서버가 내려준 순서를 그대로 따른다 - 이 탭에 머무는 동안 현재가·등락률이 5초마다 자동 갱신된다(거래시간 외에는 갱신 요청은 되어도 값은 바뀌지 않는다) - 종목이 0건이면 빈 상태 안내가 표시된다 | K100: 유지
...

Sheet 공통 규칙
A1: 공통 규칙 (R-01 ~ R-12) — 기능정의 상세와 디자인 프롬프트에서 참조
A3: 규칙ID | B3: 규칙명 | C3: 내용 | D3: 적용 화면ID
A4: R-01 | B4: 화면 유형 기준 | C4: 전체 페이지(push): 독립 콘텐츠 열람·작성, 긴 문서, 결과 화면, 딥링크 필요 / 바텀시트: 현재 맥락 유지 + 짧은 선택·확인·요약(복수 조건 필터, 기간 선택, 주문 확인·상세, 계좌 변경, 계산기, 신고, 짧은 고지) / 팝업(앵커형): 목록의 단일 선택 정렬·필터 — 트리거 바로 아래에 뜨는 작은 카드 / 다이얼로그(중앙): 예·아니오 확인, 오류, 로그인 안내 / 토스트: 결과 통지. 오버레이 형태 상세와 전문 팝업은 사용하지 않는다. | D4: S027, S029, S032~S042, S050, S057, S064, S069, S083, S084, S126, S136, S152, S079, S116, S122, S149(팝업)
A5: R-02 | B5: 정렬 팝업 · 필터 바텀시트 | C5: 정렬만 있는 경우(또는 단일 선택 1개 섹션) = 정렬·필터 팝업: 트리거(정렬명+▾) 바로 아래에 뜨는 작은 카드, 현재 선택에 체크, 항목 탭 시 즉시 적용·닫힘(적용 버튼 없음), 바깥 탭·뒤로가기로 닫힘, 딤 없음. 복수 섹션 또는 복수 선택 필터·기간 선택 = 필터 바텀시트(핸들·타이틀·X·섹션+칩·하단 [초기화][적용]). 목록 상단 행: 좌 '총 N건', 우 [정렬 트리거(텍스트+▾)] [필터 아이콘(바텀시트가 있는 목록만, 적용 시 점 배지)]. 네이티브 select 드롭다운 사용 금지. 폼 입력 항목의 옵션 선택(직업·거래목적 등)은 기존 바텀시트를 유지한다. | D5: 팝업: S022, S078, S079, S087(정렬), S092, S116, S121, S122, S149 / 바텀시트: S015, S077, S087(필터), S088, S090(기간)
A6: R-03 | B6: 탭·세그먼트 위계 | C6: 2뎁스(화면 주 탭)=언더라인 탭, 3뎁스(같은 화면 보기 전환)=세그먼트, 필터=칩(+복수 조건이면 바텀시트). 구매/판매/대기는 세그먼트 형태에 의미색만 예외. | D6: S022, S075, S087, S092, S113, S151
A7: R-04 | B7: 계좌 셀렉터 | C7: '[증권사] 한국ST거래증권 ····1234 ⌄' 단일 컨트롤. 탭 → 계좌 변경 바텀시트(S089). 1개 계좌=chevron 없는 읽기 전용, 미연결=[계좌 연결하기]. 라벨 칩·(?)·[계좌변경 >] 삭제. 연도 뱃지는 연도 셀렉터로 교체. 계좌 관리 메뉴 삭제(내 자산 계좌 셀렉터가 유일한 진입점). | D7: S075, S087, S089, S090, S091, S112, S140
A8: R-05 | B8: 주문 카드 표기·필터 | C8: 수량 단위는 '개'. 미체결 '미체결 N개' / 부분체결 '체결 N개 · 미체결 M개' / 체결완료 '체결 N개' / 취소 '취소 N개' / 부분체결 후 취소·만료 '체결 N개 · 취소 M개'. 수정·취소 아이콘은 미체결 잔량이 있는 카드에만 노출(부분체결 포함). 필터는 수량 기반 포함 관계: 미체결=잔량 있는 모든 주문, 체결=체결 수량 있는 모든 주문. 카드 탭 → 주문 상세 시트(체결 건별 내역). | D8: S043, S075, S077, S088, S140, S152
A9: R-06 | B9: AI매칭 예상 체결 내역 | C9: 명칭 '예상 체결 내역'. 수량 입력 전부터 고정 높이 영역으로 상시 노출, 입력 시 실시간 갱신(예상 평균 체결가·총 주문금액·체결 가능 수량), [자세히]로 호가 구간별 내역, 체결 불가·일부 가능은 영역 내 인라인 안내. 링크·chevron·자동 펼침 삭제. | D9: S034, S040, S052~S056, S060, S066~S068
A10: R-07 | B10: 검색 영역 | C10: 홈·백년가게(탐색)·거래 1뎁스에만 노출(MY·더보기·알림·하위 화면 제외). 필드는 진입 버튼이며 탭 → 검색 홈(S150) → 결과(S151, 세그먼트 종목|가게). 로그인 불필요. | D10: S012, S015, S023, S150, S151
A11: R-08 | B11: MY 허브·비로그인 미리보기 | C11: MY 메인은 스크롤 허브(프로필 → 내 자산 → 관심 → 활동 → 내 정보·자격 신청). 비로그인은 로그인 화면으로 바로 보내지 않고 가치 안내 + 흐린 카드 프리뷰를 보여준다. | D11: S112, S113
A12: R-09 | B12: 재인증 규칙 | C12: 재인증은 '내 정보' 진입에만 적용. 유효 5분, 앱이 백그라운드로 가거나 시간이 지나면 초기화('탭 이동 즉시 초기화' 규칙 삭제). 내 정보 하위 화면 왕복은 재인증 생략. MY 허브 요약(등급·투자성향 칩·자격 상태·내 자산)은 게이트 밖. 휴대폰·비밀번호 변경은 본인인증(MOK)을 추가하고 이유를 안내한다. | D12: S093, S112, S123
A13: R-10 | B13: 투자성향 칩 상태 | C13: 미실시 / 유효(유형명·만료월) / 만료 임박(D-30 이내, D-N 표시) / 만료(경고색, 재실시 안내). 칩 탭: 유효·임박=결과 화면, 미실시·만료=안내 다이얼로그 후 설문. 최신 결과·인정기간·재분석은 내 정보 > 투자 성향 분석. 이력 목록은 다음 단계. | D13: S101, S102, S112
A14: R-11 | B14: 투자자 자격 상태 | C14: 정본 화면은 MY > 내 정보 > 투자자 자격 신청(S124) 1개. 상태: 미신청 / 심사 중(재신청 차단) / 승인(만료일, 만료 30일 전 갱신) / 반려(사유) / 만료. 진입점: MY 허브 행, 더보기 조건부 배너, 거래 한도 [한도 늘리기], 한도 초과 안내. 제출 서류는 결과 화면에 보여주지 않는다. 명칭은 '투자자 자격 신청', 상세 화면 내 법령명칭(소득적격투자자) 병기. | D14: S091, S093, S112, S124, S125, S126, S127
A15: R-12 | B15: 관심 아이콘·용어 통일 | C15: 관심 표시는 앱 전체에서 하트(♡/♥). 북마크·스크랩 아이콘 사용 금지. 용어: '이벤트'(이벤트·혜택 아님), '손익 현황'(나의 수익 아님), '예상 체결 내역'(주문예정내역 아님), '내 정보'(내정보 아님), '약관 및 정책'(정책 아님). | D15: S012, S022, S087, S092, S127, S142

Sheet 확인 필요 목록
A1: 확인이 필요한 항목 (v2 신규·변경 관련)
A2: v1의 '화면구분 추정' 항목은 메뉴구조 시트 O열(확인 필요)에 그대로 이어받았습니다.
A3: No | B3: 대상 화면 | C3: 확인 내용 | D3: 확인 주체(제안)
A4: 확인-01 | B4: S023 거래 > 종목 | C4: 2Depth '전체'를 '종목'으로 변경하고 세그먼트를 제거했습니다. 탭 이름 자체를 '종목'으로도 바꿀지 확인이 필요합니다. | D4: 기획
A5: 확인-02 | B5: S087 내 자산 > 거래 한도 | C5: 거래 한도 화면은 기존에 계좌 게이트가 없어 미연결 상태에서도 0원으로 보였습니다(U-09). 내 자산 탭으로 옮기면서 동일하게 게이트를 적용할지 결정이 필요합니다. | D5: 기획·개발
A6: 확인-03 | B6: S102 투자 성향 분석 | C6: '이력 관리'를 과거 결과 목록까지 뜻하는지 확인이 필요합니다. 이번 v2에는 최신 결과·인정기간만 반영했고 이력 목록은 다음 단계로 뒀습니다. | D6: 기획
A7: 확인-04 | B7: S102 재실시 정책 | C7: [다시 분석하기] 도중 이탈 시 기존 결과를 유지하고, 6문항 완료 시점에 교체하는 정책으로 정의했습니다. 확정이 필요합니다. | D7: 기획·컴플라이언스
A8: 확인-05 | B8: S124 반려 사유 | C8: 반려 사유 문구가 소득 정보와 연결될 수 있어 노출 수준을 컴플라이언스와 확인해야 합니다. | D8: 컴플라이언스
A9: 확인-06 | B9: S150·S151 검색 | C9: 최근 검색어의 로그아웃 시 삭제 여부, 추천 목록 노출 기준, 비상장 백년가게를 검색 대상에 포함할지 확정이 필요합니다. | D9: 기획
A10: 확인-07 | B10: S015 백년가게 검색 | C10: '내 주변'(지도)·'백년가게란?' 탭에서는 검색 영역을 노출하지 않도록 정의했습니다. 지도에서도 검색이 필요한지 확인이 필요합니다. | D10: 기획·디자인
A11: 확인-08 | B11: S055 AI매칭 | C11: 일부 수량만 체결 가능한 경우 '[M개로 조정]' 버튼은 제안 사항입니다. 도입 여부 결정이 필요합니다. | D11: 기획
A12: 확인-09 | B12: S088 부분체결 카드 | C12: '체결률 바·평균 체결가'와 '부분체결 후 취소·만료' 상태 배지 명칭(체결완료로 부르면 전량 체결로 오해될 수 있음)은 제안 사항입니다. 확정이 필요합니다. | D12: 기획
A13: 확인-10 | B13: S128 이용안내 | C13: 이용안내 탭 4종(계좌연결/거래시작/가디언이란?/가디언혜택)과 홈 빠른 안내 카드 4종(백년가게란/주문방법/가디언이란/가디언혜택)의 이름·구성이 다르고 콘텐츠가 모두 '준비 중'입니다. 출시 전 정리가 필요합니다. | D13: 기획·콘텐츠
A14: 확인-11 | B14: 딥링크·URL | C14: /trade?tab=holding 등 거래 탭 하위 경로와 /my/activity 직접 진입 경로는 새 경로로 리다이렉트가 필요합니다. 개발 확인이 필요합니다. | D14: 개발
... A17: 확인-14 | B17: S023 거래 목록 | C17: 필터 아이콘·바텀시트를 없애고 '정렬 팝업 + ♡관심만 칩'으로 정의했습니다. 향후 업종 등 복수 조건 필터가 필요해지면 바텀시트를 다시 추가합니다. | D17: 기획

Sheet 디자인 프롬프트
A1: 디자인 수정 프롬프트 (Google Stitch용, v2 기준)
A2: 같은 내용이 별도 파일(한국ST거래_디자인프롬프트_v2.md)에도 있습니다. 복사는 md 파일을 권장합니다(여기서는 셀 높이 제한 때문에 문단 단위로 행을 나눴습니다). 프롬프트는 엑셀 없이도 쓸 수 있도록 값과 규칙을 본문에 넣었습니다.
A3: 구분 | B3: 프롬프트
A4: 0. 사용 순서 | B4: [Stitch 사용 순서] 1. 새 프로젝트에서 플랫폼을 'Mobile'로 선택합니다. 이미지 입력이 가능한 모드에서는 기존 캡처(Git images 폴더의 해당 번호 PNG)를 참고 이미지로 함께 올립니다. 2. 아래 'DESIGN.md' 블록을 프로젝트의 DESIGN.md(디자인 시스템)에 붙여 넣습니다. 지원되지 않으면 각 프롬프트 맨 앞에 붙입니다. 3. 프롬프트는 한 번에 화면 1~3개씩 입력합니다(Stitch는 여러 화면을 요청하면 목록 확인 후 생성하고, 한 번에 6개까지만 생성합니다). 4. 생성 후 화면을 선택해 '수정 프롬프트'로 다듬습니다. 여러 화면에 같은 수정을 적용할 때는 Shift로 다중 선택합니다. 5. 프롬프트의 화면ID(S###)는 엑셀 v2의 화면ID와 같습니다. 프레임 이름에 그대로 쓰면 기능정의와 맞추기 쉽습니다. 6. 프롬프트 안의 값은 예시 데이터입니다(기존 캡처의 샘플 값 사용).
A5: 0. DESIGN.md (공통) | B5: # 한국ST거래 Design System (v2)
B6: ## 플랫폼·톤 - Mobile app, 390×844, 라이트 모드 1종, 한국어(해요체). 신뢰감 있고 차분한 금융 앱, 전통 음식점 가게를 다루는 따뜻한 느낌은 일러스트·아이콘 톤으로만 살짝.
B7: ## 색 (기존 캡처에서 눈대로 가져온 근사값 — 원본과 대조해 보정) - Primary: 진한 남색 #2E2A6B (주요 버튼, 선택된 탭·칩) - 배경 #FFFFFF / 섹션 배경 #F5F5F7 / 카드 배경 #FAFAFA + 1px #E5E5EA - 칩·비활성 버튼 배경: 연한 라벤더 #EFEFF6 - 강조 링크: 골드 #B8860B - 상승·매수·구매: 빨강 #E5162B / 하락·매도·판매: 파랑 #2C6FE0 (한국 금융 관습) - 텍스트 #1A1A1A, 보조 텍스트 #8A8A8E
B8: ## 형태 - 카드 라운드 16, 버튼 라운드 12, 칩·세그먼트 라운드 999. 8pt 간격. 터치 영역 최소 44px. - 서체: Pretendard 계열 산세리프. 숫자는 굵게, 금액은 천 단위 쉼표+'원'.
B9: ## 컴포넌트 규칙 (모든 화면에서 동일하게) - 2뎁스 탭: 언더라인 탭(활성=진한 텍스트+2px 남색 밑줄). 3뎁스 보기 전환: 세그먼트(회색 트랙 위 활성 항목만 흰 카드, 높이 36). - 정렬(단일 선택)·단일 선택 필터: 트리거(정렬명+▾) 아래에 뜨는 작은 팝업 카드, 선택 항목에 체크, 탭 즉시 적용. 복수 섹션·복수 선택 필터·기간 선택: 바텀시트(핸들·타이틀·X·섹션별 칩·하단 [초기화][적용]). - 드롭다운 select, 깔때기 아이콘으로 정렬을 여는 방식은 쓰지 않는다. - 짧은 확인·요약은 바텀시트, 독립 콘텐츠·결과 화면은 전체 페이지(← 뒤로가기 + 제목), 예/아니오 확인은 중앙 다이얼로그. 우측 X로 닫는 오버레이 상세는 쓰지 않는다. - 관심 표시는 하트(♡/♥)만. 북마크·스크랩 아이콘 금지. - 계좌 표기는 '[증권사 로고] 한국ST거래증권 ····1234 ⌄' 단일 셀렉터 1종(라벨 칩·(?)·[계좌변경 >] 금지). - 모든 목록 화면에 로딩(스켈레톤)·빈 상태·오류 상태를 함께 고려한다.
B10: ## 금지 - 새로운 색·아이콘 스타일 추가, 투자 권유·수익 보장으로 읽히는 문구, 이미지 생성.
A11: 요청 1-A. 컴포넌트 스타일 시트 | B11: Mobile 스타일 가이드 화면 2장을 디자인해 주세요. 앱: 한국ST거래(투자계약증권 유통 앱). DESIGN.md의 색·형태를 그대로 사용합니다.
B12: [화면 1: 내비게이션·필터 컴포넌트] 위에서 아래 순서로: 1. 섹션 제목 '2뎁스 탭 — 언더라인': 탭 6개(정보/주문/호가/차트/내 주문/커뮤니티) 가로 스크롤, '주문'이 활성 2. 섹션 제목 '3뎁스 세그먼트': [관심종목][관심가게] 2분할, [게시글][댓글] 2분할, 그리고 의미색 예외 [구매][판매][대기](구매 활성=빨강 채움) 3. 섹션 제목 '칩': 활성/비활성 필터 칩 4개(전체/공지/소식/이벤트) 4. 섹션 제목 '정렬 팝업(단일 선택)': 목록 상단 행(좌 '총 50건', 우 '많이 오른순 ▾')과, 트리거 아래로 열린 작은 팝업 카드(많이 오른순✓ · 거래량 많은순 · 거래대금 높은순 · 시가총액 높은순 · 최근 상장순 · 가나다순), 딤 없음 5. 섹션 제목 '필터 바텀시트(복수 조건)': 하단에서 올라온 시트 — 핸들, 타이틀 '필터', 우측 X, 섹션 '주문상태' 칩(전체✓/미체결/체결/취소·만료), 섹션 '구매/판매' 칩(전체✓/구매/판매), 하단 고정 버튼 [초기화](라벤더) [적용](남색) Do not include: 드롭다운 select, 깔때기 아이콘.
B13: [화면 2: 컨테이너 컴포넌트] 1. '페이지 헤더': ← 뒤로가기 + 가운데 제목 '공시' 2. '바텀시트': 핸들, 타이틀 '구매 주문 확인', 우측 X, 본문 3행, 하단 [취소][구매하기] 3. '다이얼로그(중앙)': 제목 '주문을 취소할까요?', 본문 1줄, [닫기][주문 취소] 4. '토스트': '변경되었어요.' 5. '하트 관심 아이콘' 채움/비채움 2상태
A14: 요청 1-B. 적용 화면 (스타일 통일) | B14: 아래 화면을 DESIGN.md의 컴포넌트 규칙에 맞게 각각 Mobile로 디자인해 주세요(참고 이미지가 있으면 구조를 유지하고 스타일만 통일).
B15: [S023 거래 — 종목 목록] 위에서 아래로: 헤더(왼쪽 '거래', 오른쪽 프로필 원형 '하', 알림 벨), 검색 필드(돋보기+'가게명·종목명을 검색해 보세요'), 목록 상단 행(좌 정렬 트리거 '많이 오른순 ▾', 우 '♡ 관심만' 토글 칩), 종목 카드 5개(원형 가게 아이콘, 가게명 작게, 종목명 굵게: '노을다반 서귀포 리모델링 1호' 5,700원 +14.0% 빨강, '고요한상 안동 리모델링 1호' 5,900원 +68.5%, '온정분식 종로 리모델링 1호' 5,000원 0.0%, 우측에 [주문] 버튼과 하트), 하단 탭바 5개(홈/백년가게/거래[활성]/MY/더보기). 필터 아이콘은 넣지 않습니다. [S023-정렬 열림] 같은 화면에서 정렬 트리거 아래로 정렬 팝업 카드가 열린 상태(6개 항목, '많이 오른순' 체크). [S075 종목상세 내 주문] 헤더(← '서귀포 리모델링 1호' 5,700원 +14.0%, 하트), 언더라인 탭 6개('내 주문' 활성), 계좌 셀렉터 행, 나의 평가금 카드, 목록 상단 행(우측 필터 아이콘 — 바텀시트가 있는 목록), 주문 카드 3개, 하단 고정 [판매하기][구매하기].
A16: 요청 2-A. 홈 + 검색 영역 | B16: Mobile 화면 1개: 한국ST거래 앱의 '홈'(S012). 위에서 아래로: 1. 헤더: 좌측 로고 텍스트 '한국ST거래', 우측 프로필 원형 아이콘과 알림 벨 2. 검색 영역(새로 추가): 헤더 바로 아래 전체 폭 필드, 높이 44, 라운드 999, 배경 라벤더, 돋보기 아이콘 + 회색 placeholder '가게명·종목명을 검색해 보세요'. 입력 필드가 아니라 탭하면 검색 화면으로 넘어가는 버튼처럼 보여야 함 3. 메인 배너 캐러셀(페이지 표시 '1/2') 4. 빠른 안내 원형 카드 4개(백년가게란/주문방법/가디언이란/가디언혜택) 5. 섹션 '가디언 픽' 종목 카드 가로 스크롤(가게명, 종목명, 현재가, 등락률, [주문], 하트) 6. 섹션 '지금 가장 핫한 가게' 대형 카드 — 우측 상단에 하트 관심 아이콘(북마크 금지) 7. 섹션 '이벤트' (제목은 '이벤트·혜택'이 아니라 '이벤트') 8. 하단 탭바 5개(홈 활성) 검색 영역은 화면 스크롤과 함께 위로 사라지고, 다른 콘텐츠가 접힘선 아래로 과하게 밀리지 않도록 간격을 조정.
A17: 요청 2-B. 검색 홈 / 검색 결과 | B17: Mobile 화면 4개를 디자인해 주세요.
B18: [S150-a 검색 홈] 상단: ← 뒤로가기 + 입력창(포커스 상태, 커서, 우측 지우기 X, placeholder '가게명·종목명을 검색해 보세요'). 아래: '최근 검색어' 제목과 우측 텍스트 [전체 삭제], 칩 5개(각 칩 우측에 작은 X): 서귀포, 고요한상, 리모델링 1호, 분점개설, 화덕담. 그 아래 '많이 찜한 종목' 리스트 3행(순위 번호, 원형 아이콘, 가게명/종목명, 현재가·등락률). [S150-b 자동완성] 입력창에 '서귀' 입력 상태. 아래에 자동완성 리스트 4행(일치 글자 남색 굵게 강조, 종목/가게 구분 라벨 칩), 맨 아래 [전체 결과 보기]. [S151-a 결과 — 종목] 상단 검색창(검색어 '리모델링'), 세그먼트 [종목 12][가게 3](종목 활성), 종목 카드 4개(가게명, 종목명, 현재가, 등락률, [주문], 하트). [S151-b 결과 없음] 검색어 '피자', 세그먼트 [종목 0][가게 0], 가운데 빈 상태 일러스트 + '검색 결과가 없어요' + '다른 검색어로 찾아보세요' + 텍스트 링크 '내 주변 지도에서 가게 찾기'. Do not include: 필터·정렬 UI(이번 버전에서는 없음).
A19: 요청 3. 상세 진입 방식 통일 (시트/페이지/다이얼로그) | B19: 같은 주문 흐름을 3장의 Mobile 화면으로 이어서 디자인해 주세요. 진입 방식을 통일합니다: 주문 확인=바텀시트, 주문 완료=전체 페이지, 취소 확인=중앙 다이얼로그.
B20: [S032 주문 확인 — 바텀시트] 배경은 주문 화면(구매 폼, 어둡게 딤 처리). 하단에서 올라온 시트: 핸들, 우측 X, 작은 글씨 '노을다반', 종목명 '서귀포 리모델링 1호', 타이틀 '1개 구매주문'. 표 3행: 개당 금액 4,900원 / 주문 수량 1개 / 총 주문금액 4,900원. 하단 고정 [취소](라벤더) [구매하기](빨강). [S033 주문 완료 — 전체 페이지] 헤더 ← 뒤로가기 + 제목 '주문 완료'. 가운데 체크 아이콘, '구매 주문완료', 종목명, 표 3행(개당 금액/주문 수량/총 구매금액), 안내 '접수 완료이며 체결을 보장하지 않아요. 미체결 주문은 30일간 유효해요.' 하단 [닫기](라벤더) [주문내역](남색). [다이얼로그] 화면 중앙 카드, 제목 '주문을 취소할까요?', 본문 '취소하면 잠긴 금액이 바로 풀려요.', 버튼 [닫기] [주문 취소](빨강). + 추가 화면 [S027 공시 상세 — 전체 페이지] 헤더 ← + '공시'(우측 X 오버레이 금지), 제목 '이익배분내역보고서 제2차', 날짜 2028.12.14, 본문 표(분배 기준일, 지급예정일, 분배 대상 수량 33,600개, 개당 분배금 세전 907원), 하단 첨부파일 1개.
A21: 요청 4. AI매칭 '예상 체결 내역' (5상태) | B21: Mobile 주문 화면(구매, AI매칭 모드) 5개 상태를 디자인해 주세요. 종목: 서귀포 리모델링 1호(노을다반), 현재가 5,700원. 공통 구조(위에서 아래): 헤더(← 종목명 현재가 등락률, 하트), 언더라인 탭 6개('주문' 활성), 구매/판매/대기 세그먼트('구매' 빨강 활성), 카드 '구매 희망가 | AI매칭 ⓘ'에 회색 placeholder '가장 유리한 가격으로 주문', 카드 '수량'(주문가능 59,965,487원 ⓘ), 그 아래 '예상 체결 내역' 영역(항상 보이는 고정 높이 카드, 링크·버튼·chevron이 우측에 떠 있지 않음), 비율 버튼 4개(10%/25%/50%/최대)는 별도 행, 숫자 키패드, 하단 [입력완료]. 영역 하단에 작은 회색 문구 '투자 권유가 아니며 실제 체결가는 접수 시점 호가에 따라 달라질 수 있어요.' [상태 1 입력 전] 수량 비어 있음. 예상 체결 내역 영역에 회색 안내 '수량을 입력하면 예상 체결 내역을 보여드려요'. [상태 2 체결 가능] 수량 3개. 영역에 예상 평균 체결가 5,300원, 예상 총 주문금액 15,900원, 체결 가능 3개, 우측 아래 텍스트 버튼 [자세히 ▾]. [상태 3 자세히 펼침] 상태 2에서 같은 영역 안이 펼쳐져 호가 구간별 표(개당금액/수량/금액) 2행 표시. 화면 전체가 밀려 내려가지 않고 영역 높이만 늘어남. [상태 4 체결 불가] 수량 500개. 영역에 인라인 안내 '지금 바로 체결할 수 있는 호가가 없어요' + 텍스트 버튼 [구매 희망가로 주문하기]. 하단 [구매하기] 비활성. [상태 5 일부 체결 가능] 수량 20개. 영역에 '요청 20개 중 12개 체결 가능' + 버튼 [12개로 조정]. Do not include: '주문예정내역'이라는 이름, 골드색 밑줄 링크.
A22: 요청 5. 계좌 셀렉터 | B22: Mobile 화면 3개를 디자인해 주세요. 앱 전체에서 계좌 표시는 '계좌 셀렉터' 1종만 씁니다.
B23: [컴포넌트 3상태 시트] 한 화면에 3행: (a) 연동 계좌 2개 이상 — '[증권사 로고] 한국ST거래증권 ····1234 ⌄' 탭 가능한 컨트롤 (b) 연동 계좌 1개 — 같은 모양이지만 chevron 없이 텍스트만 (c) 계좌 미연결 — 남색 [계좌 연결하기] 버튼. 라벨 모양 칩, (?) 아이콘, 별도 [계좌변경 >] 알약은 금지. [S087 내 자산 — 보유 탭] 헤더(← '내 자산', 알림 벨), 언더라인 탭 4개(보유 활성/주문 내역/손익 현황/거래 한도), 공통 헤더 카드: 계좌 셀렉터, '나의 평가금' 3,803,000원, 손익 +370,372 (10.7%) 빨강, '계좌잔고' 59,538,164원 ⌄. 목록 상단 행(좌 '총 9건', 우 정렬 트리거 '평가금 높은순 ▾', 필터 아이콘), 보유 종목 카드 3개(가게 아이콘, 가게명, 종목명, 개당 평균단가·보유수량, 현재가·등락률). [S089 계좌 변경 — 바텀시트] 배경은 내 자산 화면(딤). 시트 타이틀 '기본 거래 계좌 설정', 우측 X, 안내문 '주문은 기본 계좌로만 가능해요. 다른 계좌로 거래하려면 기본 계좌를 변경해주세요.', 현재 기본 계좌 카드(체크, 마스킹 번호), 섹션 '거래 계좌 추가'와 미연결 증권사 카드 2개(연계정보 동의 체크박스, 비활성 [계좌 연결하기]), 하단 [완료]. + 추가 화면 [S090 손익 현황]: 같은 공통 헤더, 탭 '손익 현황' 활성, 수익 요약 카드(확정 수익 3,795원 / 분배 수익 0원)와 우측 연도 셀렉터 '2026년 ⌄'(탭하면 단일 선택 팝업), 기간 '2026.08 ~ 2026.09 ▾', 내역 카드 3개. 증권사 뱃지는 넣지 않습니다.
A24: 요청 6-A. MY 허브 (로그인 / 비로그인) | B24: Mobile 화면 3개를 디자인해 주세요. MY는 탭이 없는 세로 스크롤 허브입니다.
B25: [S112-a 로그인·계좌 연결] 헤더 좌측 'MY', 우측 설정 톱니·알림 벨. 위에서 아래로: (1) 얇은 프로필 카드: [일반] 뱃지 + 닉네임 '하늘', 우측 투자성향 칩 '위험중립형 · ~2028.09' (2) 내 자산 카드: 계좌 셀렉터, '나의 평가금' 3,803,000원, 손익 +370,372 (10.7%), 계좌잔고, 하단 바로가기 4개 [보유종목 9][주문 내역][손익 현황][거래 한도] (3) 관심 카드: '관심종목 10 · 관심가게 2' (4) 나의 활동: 커뮤니티 '내가 쓴 글 3건', 문의내역 '전체 1건 · 답변대기 1건'(답변대기 빨강) (5) 목록 행: '내 정보'(자물쇠 아이콘, 재인증 필요 표기), '투자자 자격 신청'(우측 '신청 가능' 상태 텍스트). 하단 탭바(MY 활성). [S112-b 투자성향 칩 4상태] 프로필 카드 4개를 세로로: 미실시(강조색 칩 '투자성향, 지금 확인해요') / 유효('위험중립형 · ~2028.09') / 만료 임박('위험중립형 · D-20', 주황) / 만료('재실시가 필요해요', 경고색). [S112-c 비로그인 미리보기] 로그인 화면으로 넘기지 않고, 상단 큰 카드 '로그인하면 내 자산과 관심 가게를 모아볼 수 있어요' + [로그인](남색) [회원가입](라벨), 아래에 내 자산·관심·활동 카드가 흐리게(잠금 표시) 미리보기로 보임. 하단 탭바 정상.
A26: 요청 6-B. 내 자산 — 주문 내역 / 주문 상세 | B26: Mobile 화면 3개를 디자인해 주세요.
B27: [S088 내 자산 — 주문 내역 탭] 공통 헤더(← '내 자산', 4탭 중 '주문 내역' 활성, 계좌 셀렉터·나의 평가금·계좌잔고 카드는 축소된 형태). 그 아래 '미체결 3건' 칩(탭하면 미체결 필터). 기간 '2026.08 ~ 2026.09 ▾' + 우측 필터 아이콘(복수 조건이라 바텀시트). 주문 카드 4개 — 카드 상단: 날짜, 개당 가격, 방향(구매 빨강/판매 파랑), 우측 수정(연필)·취소(X) 아이콘은 잔량이 있는 카드에만. 카드 본문: 가게 아이콘, 가게명, 종목명. ① '26.09.14 · 개당 6,200원 · 판매 · 미체결 1개 · 만료 D-30' (수정·취소 아이콘 있음) ② '26.09.14 · 개당 500,000원 · 구매 · 체결 1개' (아이콘 없음) ③ '26.09.13 · 개당 5,000원 · 구매 · 체결 10개 · 미체결 2개' — 체결률 바(10/12)와 평균 체결가 5,000원, 수정·취소 아이콘 모두 있음 ④ '26.09.10 · 개당 4,900원 · 구매 · 체결 10개 · 취소 2개' (아이콘 없음) 수량 표기 형식은 반드시 '체결 N개 · 미체결 M개'. 체결완료라고만 쓰지 않습니다. [S088 필터 — 바텀시트] 같은 화면 위로 시트: 타이틀 '필터', 섹션 '주문상태' 칩(전체/미체결 3/체결 5/취소·만료 1), 섹션 '구매/판매' 칩(전체/구매/판매), 하단 [초기화][적용]. [S152 주문 상세 — 바텀시트] 카드 ③을 탭했을 때: 타이틀 '구매 주문 상세', 종목명, 상태 배지 '체결 10개 · 미체결 2개', 요약 표(증권사, 주문일시, 주문가 5,000원, 주문 수량 12개, 체결 수량 10개, 미체결 수량 2개, 총 주문금액 60,000원, 수수료), '체결 내역' 리스트 3행(일시, 체결가, 수량), '만료 D-27', 하단 [잔량 수정] [잔량 취소].
A28: 요청 6-C. 더보기 / 투자자 자격 신청 | B28: Mobile 화면 3개를 디자인해 주세요.
B29: [S127 더보기] 헤더 '더보기'와 프로필 아이콘·알림. 헤더 바로 아래 조건부 배너 카드 '더 큰 투자의 기회 — 투자자 자격 신청하고 한도를 늘려보세요 >'(일반회원·신청 가능일 때만 보이는 배너). 그 아래 메뉴 8행을 그룹 구분선·그룹 제목 없이 하나의 목록으로 순서대로: 공지사항, 이벤트, 이용안내, 고객센터, 투자자 유의사항, 약관 및 정책, 회사소개(우측 외부링크 아이콘 ↗), 현재 버전정보 v1.0.3(우측 chevron 없음). 하단 법적 고지 문구와 로고, 하단 탭바(더보기 활성). [S131 공지사항 목록] 헤더 ← '공지사항', 유형 칩 [전체✓][공지][소식], 공지 행 5개('[공지] 서비스이용약관 개정 안내' 2026.09.20 빨간 N 배지, '[소식] 신규 종목 상장 안내' …), 무한 스크롤 표시. [S124 투자자 자격 신청 — 상태별 5장 중 대표 3장을 한 화면에 세로로 나열] 각 상태 카드: '심사 중이에요'(신청일 2026.09.25, [신청하기] 비활성) / '소득적격 투자자 승인'(인정 만료일 2027.09.01, [갱신 신청]) / '심사가 반려되었어요'(사유 문구 한 줄, [다시 신청하기]). 공통: 한도 비교표(보유한도 1,000만원→3,000만원, 연간거래한도 4,000만원→8,000만원), 진행절차 4단계(서류준비→서류제출→심사진행→한도변경). 제출 서류를 다시 보여주는 UI는 넣지 않습니다.
